Date,Open,High,Low,Close,Volume,Adj Close
2014/4/14,25.17,25.18,25.17,25.17,28500,25.17
2014/4/11,25.18,25.19,25.17,25.17,34300,25.17
2014/4/10,25.17,25.18,25.17,25.17,102600,25.17
2014/4/9,25.17,25.18,25.17,25.18,55000,25.18
2014/4/8,25.17,25.18,25.17,25.18,117400,25.18
2014/4/7,25.17,25.18,25.17,25.18,79900,25.18
2014/4/4,25.17,25.18,25.16,25.17,88400,25.17
2014/4/3,25.17,25.18,25.16,25.17,135100,25.17
2014/4/2,25.17,25.18,25.16,25.16,100300,25.16
2014/4/1,25.16,25.18,25.16,25.17,116600,25.17
2014/3/31,25.16,25.17,25.16,25.16,31900,25.16
2014/3/28,25.16,25.18,25.16,25.17,100500,25.17
2014/3/27,25.1,25.16,25.08,25.14,81200,25.14
2014/3/26,25.16,25.16,25.06,25.16,43100,25.16
2014/3/25,25.18,25.19,25.11,25.16,42000,25.16
2014/3/24,25.16,25.19,25.09,25.19,37700,25.19
2014/3/21,25.15,25.15,25.1,25.13,24000,25.13
2014/3/20,25.15,25.15,25.06,25.15,31700,25.15
2014/3/19,25.11,25.15,25.1,25.15,41300,25.15
2014/3/18,25.09,25.15,25.05,25.15,39000,25.15
2014/3/17,25.09,25.1,25.05,25.1,63800,25.1
2014/3/14,25.06,25.1,25.05,25.07,64200,25.07
2014/3/13,25.07,25.11,25.05,25.1,43600,25.1
2014/3/12,25.07,25.13,25.05,25.13,25700,25.13
2014/3/11,25.4,25.47,25.39,25.47,40100,25.07
2014/3/10,25.44,25.45,25.36,25.45,39600,25.05
2014/3/7,25.41,25.45,25.35,25.44,53000,25.04
2014/3/6,25.48,25.48,25.4,25.42,39200,25.02
2014/3/5,25.41,25.48,25.4,25.48,21100,25.08
2014/3/4,25.38,25.47,25.38,25.47,24700,25.07
2014/3/3,25.45,25.45,25.35,25.42,64300,25.02
2014/2/28,25.46,25.48,25.38,25.38,29900,24.98
2014/2/27,25.43,25.47,25.42,25.46,9300,25.06
2014/2/26,25.45,25.48,25.4,25.43,19400,25.03
2014/2/25,25.39,25.42,25.35,25.38,25300,24.98
2014/2/24,25.35,25.41,25.35,25.38,22000,24.98
2014/2/21,25.32,25.42,25.32,25.35,15500,24.95
2014/2/20,25.37,25.43,25.35,25.37,24000,24.97
2014/2/19,25.27,25.36,25.27,25.35,38700,24.95
2014/2/18,25.27,25.29,25.26,25.27,31900,24.88
2014/2/14,25.29,25.3,25.25,25.27,36400,24.88
2014/2/13,25.26,25.29,25.26,25.28,28800,24.89
2014/2/12,25.26,25.28,25.25,25.26,20700,24.87
2014/2/11,25.25,25.29,25.25,25.28,50700,24.89
2014/2/10,25.26,25.27,25.24,25.25,21200,24.86
2014/2/7,25.29,25.29,25.23,25.23,29600,24.84
2014/2/6,25.23,25.27,25.22,25.23,46300,24.84
2014/2/5,25.22,25.33,25.19,25.28,64000,24.89
2014/2/4,25.21,25.27,25.19,25.24,63500,24.85
2014/2/3,25.21,25.25,25.2,25.21,21500,24.82
2014/1/31,25.2,25.28,25.2,25.24,17800,24.85
2014/1/30,25.19,25.26,25.15,25.23,17700,24.84
2014/1/29,25.22,25.28,25.17,25.19,19800,24.8
2014/1/28,25.25,25.29,25.16,25.28,46400,24.89
2014/1/27,25.21,25.25,25.16,25.18,39200,24.79
2014/1/24,25.12,25.24,25.1,25.21,53700,24.82
2014/1/23,25.14,25.19,25.11,25.15,67000,24.76
2014/1/22,25.13,25.25,25.12,25.16,79700,24.77
2014/1/21,25.1,25.16,25.07,25.11,85200,24.72
2014/1/17,25.08,25.19,25.04,25.04,121400,24.65
2014/1/16,25.1,25.1,25.08,25.09,11100,24.7
2014/1/15,25.05,25.12,25.02,25.11,51200,24.72
2014/1/14,25.09,25.09,25.06,25.07,14700,24.68
2014/1/13,25.1,25.14,25.05,25.05,40900,24.66
2014/1/10,25.08,25.17,25.03,25.12,24000,24.73
2014/1/9,25.08,25.1,25.07,25.08,9000,24.69
2014/1/8,25.05,25.09,25.05,25.08,26300,24.69
2014/1/7,25.09,25.1,25.04,25.04,32300,24.65
2014/1/6,25.06,25.1,25.04,25.07,23300,24.68
2014/1/3,25,25.05,25,25.05,29500,24.66
2014/1/2,24.96,25.01,24.95,24.97,24200,24.58
2013/12/31,24.93,25.05,24.93,25.05,41200,24.66
2013/12/30,24.8,24.95,24.79,24.92,60800,24.53
2013/12/27,24.83,24.84,24.78,24.79,30300,24.4
2013/12/26,24.83,24.84,24.8,24.83,44100,24.44
2013/12/24,24.85,24.88,24.81,24.83,30900,24.44
2013/12/23,24.85,24.98,24.85,24.85,39500,24.46
2013/12/20,24.88,24.97,24.85,24.9,29500,24.51
2013/12/19,24.89,24.98,24.81,24.93,55100,24.54
2013/12/18,24.99,24.99,24.74,24.83,86400,24.44
2013/12/17,24.88,25.05,24.87,25,68000,24.61
2013/12/16,24.97,24.99,24.9,24.96,51200,24.57
2013/12/13,24.74,25.07,24.74,25.07,89700,24.68
2013/12/12,24.81,24.85,24.75,24.82,86200,24.43
2013/12/11,24.84,24.86,24.81,24.85,165100,24.46
2013/12/10,25.14,25.17,25.1,25.15,71400,24.37
2013/12/9,25.15,25.15,25.1,25.11,63500,24.33
2013/12/6,25.1,25.16,25.1,25.15,54100,24.37
2013/12/5,25.13,25.13,25.1,25.1,30500,24.32
2013/12/4,25.15,25.19,25.12,25.13,16300,24.35
2013/12/3,25.15,25.19,25.14,25.15,21000,24.37
2013/12/2,25.2,25.2,25.13,25.15,20100,24.37
2013/11/29,25.15,25.2,25.11,25.18,32900,24.4
2013/11/27,25.06,25.2,25.06,25.19,33300,24.41
2013/11/26,25.07,25.11,25.05,25.06,27000,24.28
2013/11/25,25.08,25.13,25.05,25.06,39300,24.28
2013/11/22,25.05,25.19,25.04,25.05,50700,24.27
2013/11/21,25.09,25.12,25.02,25.02,48900,24.24
2013/11/20,25.09,25.12,25.04,25.04,38900,24.26
2013/11/19,25.1,25.1,25.05,25.05,42900,24.27
2013/11/18,25.03,25.1,25.03,25.06,48200,24.28
2013/11/15,25.05,25.09,25.01,25.03,10100,24.25
2013/11/14,25.03,25.03,25.01,25.01,14600,24.23
2013/11/13,25.08,25.08,25.02,25.02,21400,24.24
2013/11/12,25.03,25.1,25.01,25.02,48000,24.24
2013/11/11,25.07,25.07,25.03,25.03,48800,24.25
2013/11/8,25.04,25.07,25.03,25.04,17600,24.26
2013/11/7,25.03,25.07,25.01,25.05,36100,24.27
2013/11/6,24.97,25.15,24.97,25.02,44500,24.24
2013/11/5,24.98,25.03,24.97,24.99,26900,24.21
2013/11/4,24.97,25.04,24.97,24.98,22000,24.2
2013/11/1,25,25.03,24.96,24.98,27600,24.2
2013/10/31,25.01,25.08,24.98,24.98,33700,24.2
2013/10/30,25.02,25.07,25,25,17100,24.22
2013/10/29,25.1,25.13,25.01,25.02,70600,24.24
2013/10/28,25.1,25.17,25.1,25.1,41600,24.32
2013/10/25,25.07,25.09,25.01,25.02,12500,24.24
2013/10/24,25.12,25.12,25.03,25.07,30800,24.29
2013/10/23,25.04,25.1,25.02,25.05,54300,24.27
2013/10/22,25.12,25.16,25.07,25.07,35600,24.29
2013/10/21,25.13,25.13,25,25.11,30600,24.33
2013/10/18,25.1,25.18,25.01,25.15,27400,24.37
2013/10/17,24.97,25.09,24.97,25.08,57400,24.3
2013/10/16,24.97,24.99,24.97,24.97,29400,24.19
2013/10/15,24.95,24.99,24.93,24.99,37000,24.21
2013/10/14,24.92,24.96,24.9,24.91,15600,24.13
2013/10/11,24.97,24.97,24.91,24.96,15700,24.18
2013/10/10,24.89,24.97,24.86,24.97,48400,24.19
2013/10/9,24.94,24.94,24.9,24.94,12300,24.16
2013/10/8,24.91,24.95,24.9,24.93,40800,24.15
2013/10/7,24.95,24.98,24.91,24.91,34700,24.13
2013/10/4,24.95,25.03,24.95,24.99,12200,24.21
2013/10/3,25.02,25.02,24.95,24.95,20000,24.17
2013/10/2,24.96,25.03,24.95,24.98,33300,24.2
2013/10/1,24.91,24.98,24.91,24.94,33500,24.16
2013/9/30,24.8,24.93,24.8,24.87,34200,24.1
2013/9/27,24.93,24.94,24.81,24.81,28400,24.04
2013/9/26,24.82,24.93,24.82,24.93,28400,24.15
2013/9/25,24.85,24.95,24.81,24.84,32300,24.07
2013/9/24,24.93,24.95,24.83,24.83,38500,24.06
2013/9/23,24.93,24.94,24.87,24.89,28200,24.12
2013/9/20,24.86,24.97,24.85,24.88,39600,24.11
2013/9/19,24.89,25,24.81,24.95,52900,24.17
2013/9/18,24.78,24.89,24.75,24.89,82400,24.12
2013/9/17,24.86,24.86,24.69,24.69,58100,23.92
2013/9/16,24.9,24.9,24.8,24.8,54000,24.03
2013/9/13,24.7,24.91,24.7,24.84,37000,24.07
2013/9/12,24.87,24.99,24.65,24.66,111400,23.89
2013/9/11,24.84,25,24.75,24.95,57700,24.17
2013/9/10,25.31,25.31,25.13,25.14,78400,23.97
2013/9/9,25.26,25.27,25.17,25.22,40000,24.05
2013/9/6,25.2,25.3,25.18,25.24,133200,24.07
2013/9/5,25.18,25.28,25.18,25.26,37200,24.09
2013/9/4,25.15,25.22,25.1,25.18,38700,24.01
2013/9/3,25.11,25.19,25.08,25.13,29700,23.96
2013/8/30,25.09,25.2,25.05,25.2,29500,24.03
2013/8/29,24.9,25.06,24.9,25.01,34800,23.85
2013/8/28,24.87,24.94,24.87,24.9,22400,23.74
2013/8/27,24.9,24.92,24.86,24.88,48600,23.72
2013/8/26,24.78,24.91,24.78,24.86,48800,23.71
2013/8/23,24.8,24.86,24.75,24.8,36800,23.65
2013/8/22,24.61,24.91,24.61,24.72,146400,23.57
2013/8/21,24.74,24.86,24.63,24.71,48500,23.56
2013/8/20,24.79,24.84,24.7,24.7,42200,23.55
2013/8/19,24.95,24.95,24.78,24.78,64000,23.63
2013/8/16,25.03,25.06,24.95,24.96,29000,23.8
2013/8/15,25.07,25.1,25,25.1,39400,23.93
2013/8/14,25.13,25.19,25.07,25.07,31300,23.91
2013/8/13,25.16,25.19,25.13,25.17,29700,24
2013/8/12,25.19,25.19,25.15,25.19,10700,24.02
2013/8/9,25.17,25.22,25.15,25.21,20400,24.04
2013/8/8,25.14,25.25,25.13,25.23,36200,24.06
2013/8/7,25.09,25.15,25.09,25.15,22400,23.98
2013/8/6,25.15,25.15,25.09,25.1,31100,23.93
2013/8/5,25.12,25.2,25.12,25.16,14300,23.99
2013/8/2,25.21,25.21,25.11,25.11,13500,23.94
2013/8/1,25.11,25.24,25.11,25.2,23100,24.03
2013/7/31,25.09,25.26,25.08,25.19,37800,24.02
2013/7/30,25.1,25.13,25.09,25.09,14700,23.93
2013/7/29,25.18,25.18,25.06,25.1,31000,23.93
2013/7/26,25.16,25.16,25.1,25.12,10600,23.95
2013/7/25,25.13,25.15,25.08,25.08,25100,23.92
2013/7/24,25.22,25.24,25.15,25.2,26300,24.03
2013/7/23,25.2,25.21,25.14,25.16,10100,23.99
2013/7/22,25.11,25.2,25.11,25.11,57100,23.94
2013/7/19,25.25,25.25,25.01,25.01,107600,23.85
2013/7/18,25.15,25.23,25.15,25.18,153600,24.01
2013/7/17,25.2,25.36,25.14,25.19,49800,24.02
2013/7/16,25.1,25.28,25.1,25.21,52600,24.04
2013/7/15,25.15,25.18,25.08,25.09,20400,23.93
2013/7/12,25.2,25.2,25.05,25.15,23300,23.98
2013/7/11,25.02,25.2,25.02,25.1,35900,23.93
2013/7/10,24.95,25.05,24.95,25.05,30500,23.89
2013/7/9,24.88,25,24.87,24.94,18700,23.78
2013/7/8,25.09,25.1,24.85,24.87,26100,23.72
2013/7/5,25.04,25.1,24.81,25,48800,23.84
2013/7/3,25.01,25.16,25.01,25.07,10400,23.91
2013/7/2,25.15,25.18,25.07,25.1,31300,23.93
2013/7/1,25.11,25.15,25.09,25.12,29400,23.95
2013/6/28,24.95,25.13,24.93,25.06,49000,23.9
2013/6/27,24.91,25.05,24.91,24.99,41200,23.83
2013/6/26,25,25.04,24.82,24.88,67800,23.72
2013/6/25,24.95,25.02,24.82,24.83,72000,23.68
2013/6/24,24.81,25.08,24.75,24.95,77600,23.79
2013/6/21,25.07,25.16,24.9,25,91600,23.84
2013/6/20,25.04,25.18,24.85,25.1,92500,23.93
2013/6/19,25.19,25.19,25.08,25.08,59600,23.92
2013/6/18,25.19,25.19,25.06,25.16,31400,23.99
2013/6/17,25.1,25.19,25.03,25.13,55700,23.96
2013/6/14,24.97,25.1,24.88,25.09,114400,23.93
2013/6/13,24.7,24.98,23.94,24.97,88800,23.81
2013/6/12,24.9,24.9,24.65,24.7,45800,23.55
2013/6/11,25.29,25.38,25.1,25.15,87100,23.6
2013/6/10,25.33,25.39,25.19,25.38,54300,23.82
2013/6/7,25.26,25.37,25.26,25.35,19600,23.79
2013/6/6,25.3,25.36,25.18,25.24,65000,23.69
2013/6/5,25.33,25.36,25.29,25.29,40900,23.74
2013/6/4,25.3,25.35,25.3,25.34,10500,23.78
2013/6/3,25.37,25.4,25.3,25.35,86200,23.79
2013/5/31,25.39,25.44,25.36,25.37,16200,23.81
2013/5/30,25.46,25.48,25.37,25.41,33200,23.85
2013/5/29,25.49,25.49,25.42,25.44,25100,23.88
2013/5/28,25.45,25.52,25.42,25.47,28500,23.9
2013/5/24,25.45,25.54,25.4,25.44,42000,23.88
2013/5/23,25.45,25.48,25.39,25.46,56600,23.89
2013/5/22,25.47,25.5,25.45,25.45,32000,23.89
2013/5/21,25.45,25.49,25.45,25.46,14000,23.89
2013/5/20,25.44,25.47,25.43,25.45,14300,23.89
2013/5/17,25.4,25.45,25.38,25.44,30200,23.88
2013/5/16,25.44,25.45,25.37,25.45,24200,23.89
2013/5/15,25.5,25.5,25.41,25.44,27200,23.88
2013/5/14,25.54,25.55,25.47,25.5,25000,23.93
2013/5/13,25.56,25.58,25.5,25.52,19900,23.95
2013/5/10,25.55,25.57,25.51,25.56,9600,23.99
2013/5/9,25.53,25.58,25.43,25.56,56400,23.99
2013/5/8,25.44,25.58,25.44,25.58,36200,24.01
2013/5/7,25.39,25.55,25.39,25.55,77300,23.98
2013/5/6,25.39,25.44,25.38,25.4,18600,23.84
2013/5/3,25.41,25.42,25.38,25.39,9400,23.83
2013/5/2,25.44,25.44,25.36,25.4,34000,23.84
2013/5/1,25.35,25.42,25.35,25.36,12100,23.8
2013/4/30,25.38,25.4,25.35,25.38,34600,23.82
2013/4/29,25.38,25.39,25.34,25.38,24300,23.82
2013/4/26,25.31,25.38,25.31,25.33,25300,23.77
2013/4/25,25.37,25.44,25.3,25.32,33400,23.76
2013/4/24,25.38,25.41,25.35,25.4,17600,23.84
2013/4/23,25.37,25.38,25.34,25.37,30100,23.81
2013/4/22,25.39,25.39,25.28,25.37,38500,23.81
2013/4/19,25.31,25.42,25.2,25.4,112800,23.84
2013/4/18,25.37,25.38,25.3,25.35,90300,23.79
2013/4/17,25.38,25.44,25.33,25.39,32900,23.83
2013/4/16,25.31,25.4,25.31,25.38,28600,23.82
2013/4/15,25.29,25.37,25.29,25.32,27400,23.76
2013/4/12,25.28,25.36,25.28,25.36,12200,23.8
2013/4/11,25.36,25.36,25.26,25.33,35000,23.77
2013/4/10,25.34,25.36,25.3,25.35,23600,23.79
2013/4/9,25.28,25.35,25.28,25.29,21800,23.74
2013/4/8,25.29,25.35,25.29,25.29,9900,23.74
2013/4/5,25.33,25.38,25.27,25.33,15400,23.77
2013/4/4,25.35,25.4,25.34,25.35,64700,23.79
2013/4/3,25.37,25.42,25.37,25.4,16800,23.84
2013/4/2,25.33,25.42,25.33,25.38,32100,23.82
2013/4/1,25.36,25.43,25.32,25.39,37600,23.83
2013/3/28,25.3,25.45,25.3,25.39,22500,23.83
2013/3/27,25.25,25.38,25.25,25.28,41200,23.73
2013/3/26,25.26,25.32,25.25,25.3,18700,23.74
2013/3/25,25.24,25.3,25.24,25.25,24000,23.7
2013/3/22,25.23,25.28,25.22,25.26,22400,23.71
2013/3/21,25.18,25.27,25.16,25.2,40100,23.65
2013/3/20,25.15,25.23,25.15,25.16,44900,23.61
2013/3/19,25.15,25.15,25.13,25.15,77100,23.6
2013/3/18,25.16,25.16,25.11,25.14,60100,23.59
2013/3/15,25.15,25.16,25.09,25.12,30000,23.58
2013/3/14,25.11,25.13,25.09,25.09,71600,23.55
2013/3/13,25.12,25.15,25.06,25.09,40700,23.55
2013/3/12,25.1,25.14,25.08,25.1,18800,23.56
2013/3/11,25.46,25.47,25.4,25.47,24900,23.53
2013/3/8,25.4,25.47,25.4,25.45,23500,23.51
2013/3/7,25.45,25.45,25.4,25.42,25600,23.49
2013/3/6,25.41,25.45,25.4,25.44,24400,23.5
2013/3/5,25.4,25.41,25.4,25.4,21700,23.47
2013/3/4,25.42,25.43,25.37,25.4,29500,23.47
2013/3/1,25.34,25.37,25.3,25.36,27700,23.43
2013/2/28,25.32,25.37,25.32,25.35,18600,23.42
2013/2/27,25.34,25.39,25.3,25.3,18800,23.37
2013/2/26,25.32,25.38,25.32,25.36,24700,23.43
2013/2/25,25.24,25.33,25.23,25.32,16300,23.39
2013/2/22,25.26,25.32,25.26,25.26,12800,23.34
2013/2/21,25.28,25.3,25.23,25.24,47200,23.32
2013/2/20,25.29,25.32,25.27,25.29,17600,23.37
2013/2/19,25.29,25.32,25.27,25.28,32100,23.36
2013/2/15,25.28,25.29,25.25,25.25,14000,23.33
2013/2/14,25.23,25.29,25.23,25.28,11400,23.36
2013/2/13,25.29,25.31,25.21,25.21,36300,23.29
2013/2/12,25.22,25.29,25.2,25.26,20500,23.34
2013/2/11,25.24,25.26,25.24,25.25,11400,23.33
2013/2/8,25.2,25.25,25.2,25.25,16600,23.33
2013/2/7,25.2,25.25,25.2,25.25,45400,23.33
2013/2/6,25.17,25.25,25.17,25.22,26500,23.3
2013/2/5,25.2,25.22,25.17,25.18,58600,23.26
2013/2/4,25.24,25.24,25.19,25.2,14900,23.28
2013/2/1,25.2,25.24,25.18,25.21,33900,23.29
2013/1/31,25.21,25.25,25.18,25.19,55400,23.27
2013/1/30,25.3,25.3,25.2,25.23,23900,23.31
2013/1/29,25.24,25.27,25.21,25.25,20200,23.33
2013/1/28,25.24,25.3,25.24,25.25,19900,23.33
2013/1/25,25.22,25.3,25.22,25.26,18300,23.34
2013/1/24,25.22,25.28,25.19,25.27,29600,23.35
2013/1/23,25.24,25.26,25.22,25.24,23000,23.32
2013/1/22,25.21,25.31,25.16,25.18,30800,23.26
2013/1/18,25.12,25.23,25.12,25.23,48500,23.31
2013/1/17,25.14,25.14,25.12,25.14,41000,23.23
2013/1/16,25.09,25.14,25.06,25.14,41800,23.23
2013/1/15,25.09,25.14,25.09,25.13,16900,23.22
2013/1/14,25.13,25.14,25.08,25.08,82800,23.17
2013/1/11,25.11,25.16,25.1,25.14,34200,23.23
2013/1/10,25.1,25.12,25.1,25.11,45900,23.2
2013/1/9,25.14,25.14,25.07,25.11,96900,23.2
2013/1/8,25.15,25.17,25,25.07,104800,23.16
2013/1/7,25.1,25.15,25.1,25.14,21500,23.23
2013/1/4,25.11,25.15,25.1,25.15,26200,23.24
2013/1/3,25.02,25.13,25.02,25.13,20000,23.22
2013/1/2,25.06,25.09,25.02,25.03,15600,23.13
2012/12/31,25.02,25.04,24.99,25.03,19500,23.13
2012/12/28,25.07,25.07,25.01,25.02,15000,23.12
2012/12/27,25.02,25.03,24.99,25.01,25600,23.11
2012/12/26,25.01,25.05,25.01,25.01,6400,23.11
2012/12/24,24.99,25.14,24.99,25.08,18100,23.17
2012/12/21,24.98,25.04,24.94,25,74400,23.1
2012/12/20,24.97,25,24.95,24.99,29900,23.09
2012/12/19,24.94,25,24.89,24.99,90800,23.09
2012/12/18,24.99,24.99,24.87,24.91,89600,23.01
2012/12/17,24.98,24.99,24.95,24.99,33000,23.09
2012/12/14,24.94,24.99,24.94,24.99,28100,23.09
2012/12/13,24.94,24.98,24.93,24.94,67600,23.04
2012/12/12,24.94,24.98,24.94,24.95,23200,23.05
2012/12/11,25.3,25.31,25.25,25.29,59800,23
2012/12/10,25.27,25.32,25.26,25.3,16300,23.01
2012/12/7,25.29,25.31,25.25,25.31,15700,23.02
2012/12/6,25.31,25.31,25.19,25.29,56800,23
2012/12/5,25.3,25.34,25.3,25.3,14200,23.01
2012/12/4,25.3,25.33,25.29,25.32,11300,23.03
2012/12/3,25.27,25.32,25.27,25.3,20200,23.01
2012/11/30,25.27,25.34,25.25,25.34,13500,23.04
2012/11/29,25.27,25.32,25.25,25.3,17000,23.01
2012/11/28,25.24,25.34,25.24,25.3,35200,23.01
2012/11/27,25.22,25.27,25.19,25.24,29100,22.95
2012/11/26,25.18,25.25,25.18,25.23,19600,22.94
2012/11/23,25.17,25.22,25.11,25.17,11300,22.89
2012/11/21,25.17,25.21,25.15,25.17,13800,22.89
2012/11/20,25.18,25.23,25.15,25.2,30500,22.92
2012/11/19,25.16,25.27,25.1,25.15,41800,22.87
2012/11/16,25.11,25.26,25.05,25.25,29200,22.96
2012/11/15,25.05,25.15,25.05,25.13,46300,22.85
2012/11/14,25.12,25.18,25.04,25.04,33500,22.77
2012/11/13,25.08,25.15,25.08,25.11,28600,22.83
2012/11/12,25.07,25.17,25.07,25.1,20900,22.83
2012/11/9,25.04,25.21,25.03,25.04,59100,22.77
2012/11/8,25.19,25.19,25.11,25.12,27400,22.84
2012/11/7,25.16,25.21,25.13,25.15,22300,22.87
2012/11/6,25.12,25.19,25.1,25.19,38900,22.91
2012/11/5,25.1,25.17,25.1,25.13,14700,22.85
2012/11/2,25.12,25.17,25.11,25.11,18700,22.83
2012/11/1,25.06,25.15,25.06,25.15,13600,22.87
2012/10/31,25.05,25.1,25.02,25.04,39600,22.77
2012/10/26,25.04,25.13,25.04,25.13,13700,22.85
2012/10/25,25.09,25.12,25.05,25.05,25500,22.78
2012/10/24,25.08,25.1,25.05,25.08,16800,22.81
2012/10/23,25.09,25.09,25.06,25.08,29300,22.81
2012/10/22,25.02,25.12,25.02,25.09,20800,22.82
2012/10/19,25.13,25.19,24.99,24.99,116500,22.73
2012/10/18,25.07,25.24,25.07,25.24,29100,22.95
2012/10/17,25.13,25.15,25.07,25.07,37700,22.8
2012/10/16,25.09,25.15,25.09,25.15,40600,22.87
2012/10/15,25.07,25.14,25.03,25.13,29200,22.85
2012/10/12,25.03,25.07,24.98,25.02,54800,22.75
2012/10/11,25.08,25.14,25.07,25.11,11900,22.83
2012/10/10,25,25.08,25,25.02,14200,22.75
2012/10/9,25.02,25.07,24.98,25.03,39200,22.76
2012/10/8,25.06,25.09,25.03,25.03,8700,22.76
2012/10/5,25,25.09,24.99,25.08,28900,22.81
2012/10/4,25,25.05,25,25.03,14800,22.76
2012/10/3,25.01,25.05,24.99,25,10700,22.73
2012/10/2,24.94,25.1,24.94,25.04,41300,22.77
2012/10/1,24.98,25,24.92,24.96,13700,22.7
2012/9/28,25,25.03,24.9,24.93,36800,22.67
2012/9/27,25,25.05,25,25.04,26000,22.77
2012/9/26,24.94,25,24.92,25,28800,22.73
2012/9/25,24.92,25.01,24.92,25,37700,22.73
2012/9/24,24.97,24.99,24.9,24.9,28600,22.64
2012/9/21,24.95,24.97,24.9,24.95,23900,22.69
2012/9/20,24.87,24.99,24.87,24.95,45500,22.69
2012/9/19,24.99,25,24.87,24.87,39000,22.62
2012/9/18,24.9,24.99,24.9,24.98,35900,22.72
2012/9/17,24.95,24.95,24.85,24.92,17300,22.66
2012/9/14,24.99,24.99,24.85,24.85,41600,22.6
2012/9/13,24.86,24.99,24.85,24.99,73800,22.73
2012/9/12,24.9,24.9,24.8,24.86,36200,22.61
2012/9/11,25.28,25.34,25.19,25.22,31800,22.57
2012/9/10,25.25,25.29,25.18,25.21,27800,22.56
2012/9/7,25.19,25.25,25.17,25.24,22400,22.59
2012/9/6,25.18,25.25,25.18,25.25,29100,22.6
2012/9/5,25.15,25.23,25.15,25.21,11400,22.56
2012/9/4,25.11,25.2,25.11,25.17,24500,22.53
2012/8/31,25.1,25.2,25.1,25.14,9700,22.5
2012/8/30,25.09,25.26,25.04,25.11,33200,22.48
2012/8/29,25.03,25.09,25.02,25.08,51600,22.45
2012/8/28,25.05,25.09,25.03,25.07,26200,22.44
2012/8/27,25.05,25.12,25.03,25.08,27300,22.45
2012/8/24,25.01,25.05,24.96,25.05,50600,22.42
2012/8/23,25,25.09,24.96,24.97,88500,22.35
2012/8/22,25.04,25.09,25,25.05,24500,22.42
2012/8/21,25,25.2,25,25.05,56900,22.42
2012/8/20,24.99,25.1,24.98,25.05,79900,22.42
2012/8/17,24.96,25.05,24.95,25.02,36400,22.39
2012/8/16,24.99,25.04,24.94,24.94,65300,22.32
2012/8/15,24.97,24.99,24.91,24.96,36400,22.34
2012/8/14,25,25.07,24.96,24.96,71900,22.34
2012/8/13,25.04,25.06,25.02,25.02,26100,22.39
2012/8/10,25.02,25.08,25.02,25.05,34500,22.42
2012/8/9,25.07,25.12,25.04,25.08,22300,22.45
2012/8/8,25.11,25.11,25.01,25.02,20400,22.39
2012/8/7,25.1,25.11,25.02,25.04,22200,22.41
2012/8/6,25.03,25.08,25.01,25.04,20600,22.41
2012/8/3,25.03,25.05,25,25.03,34300,22.4
2012/8/2,25,25.05,24.96,25.03,17400,22.4
2012/8/1,25.08,25.08,24.99,25,43800,22.38
2012/7/31,25,25.05,24.95,24.97,42900,22.35
2012/7/30,25.03,25.06,24.98,25.05,21000,22.42
2012/7/27,24.9,25.06,24.9,25.03,45600,22.4
2012/7/26,25.07,25.12,24.85,24.92,80200,22.31
2012/7/25,25.05,25.13,25,25.01,41000,22.39
2012/7/24,25.05,25.2,24.98,25.13,70800,22.49
2012/7/23,25,25.13,25,25.13,53600,22.49
2012/7/20,25.05,25.14,25.03,25.14,16900,22.5
2012/7/19,25.04,25.11,24.97,25.05,73400,22.42
2012/7/18,25,25.06,24.97,25.01,66500,22.39
2012/7/17,25.03,25.03,24.94,25.02,57200,22.39
2012/7/16,24.97,25.05,24.95,25.03,38700,22.4
2012/7/13,24.94,25.03,24.94,24.97,41600,22.35
2012/7/12,24.9,24.95,24.88,24.92,33300,22.31
2012/7/11,24.93,24.99,24.89,24.93,84200,22.31
2012/7/10,24.92,24.99,24.88,24.98,134000,22.36
2012/7/9,24.93,25,24.86,25,52600,22.38
2012/7/6,24.92,24.99,24.87,24.93,32300,22.31
2012/7/5,24.85,24.96,24.8,24.94,92000,22.32
2012/7/3,24.87,24.93,24.86,24.91,27400,22.3
2012/7/2,24.83,24.95,24.83,24.89,68800,22.28
2012/6/29,24.93,24.96,24.7,24.75,167700,22.15
2012/6/28,24.88,24.95,24.78,24.91,46500,22.3
2012/6/27,24.87,24.93,24.75,24.89,90000,22.28
2012/6/26,24.77,24.87,24.72,24.82,64100,22.22
2012/6/25,24.68,24.78,24.68,24.75,37900,22.15
2012/6/22,24.63,24.76,24.63,24.68,60000,22.09
2012/6/21,24.77,24.79,24.67,24.69,53200,22.1
2012/6/20,24.71,24.79,24.68,24.79,89300,22.19
2012/6/19,24.65,24.72,24.6,24.72,60900,22.13
2012/6/18,24.64,24.71,24.54,24.61,64100,22.03
2012/6/15,24.56,24.66,24.51,24.6,102000,22.02
2012/6/14,24.41,24.57,24.4,24.53,115300,21.96
2012/6/13,24.2,24.5,24.2,24.42,96000,21.86
2012/6/12,24.13,24.32,24.02,24.3,419700,21.75
2012/6/11,24.4,24.48,24.4,24.43,84600,21.51
2012/6/8,24.36,24.41,24.3,24.31,47800,21.41
2012/6/7,24.29,24.44,24.29,24.4,51600,21.48
2012/6/6,24.21,24.39,24.21,24.3,42200,21.4
2012/6/5,24.15,24.3,24.12,24.29,60500,21.39
2012/6/4,24.03,24.08,23.84,24.08,31700,21.2
2012/6/1,24.06,24.07,23.81,23.98,43400,21.12
2012/5/31,24.24,24.25,24.06,24.14,33900,21.26
2012/5/30,24.1,24.26,24.1,24.2,65700,21.31
2012/5/29,23.99,24.28,23.99,24.28,50800,21.38
2012/5/25,23.85,23.99,23.82,23.99,34000,21.12
2012/5/24,23.78,23.97,23.75,23.85,60100,21
2012/5/23,23.61,23.79,23.59,23.78,125000,20.94
2012/5/22,23.55,23.99,23.55,23.76,76900,20.92
2012/5/21,23.32,23.71,23.3,23.57,68000,20.75
2012/5/18,23.5,23.63,23.24,23.44,227800,20.64
2012/5/17,24.12,24.12,23.53,23.67,94700,20.84
2012/5/16,24.26,24.26,23.96,24.19,58600,21.3
2012/5/15,24.37,24.4,24.13,24.32,42000,21.41
2012/5/14,24.4,24.41,24.3,24.33,24800,21.42
2012/5/11,24.45,24.53,24.42,24.46,27000,21.54
2012/5/10,24.56,24.58,24.5,24.51,36100,21.58
2012/5/9,24.52,24.63,24.47,24.52,48400,21.59
2012/5/8,24.44,24.57,24.44,24.57,50900,21.63
2012/5/7,24.5,24.59,24.48,24.49,63000,21.56
2012/5/4,24.58,24.59,24.48,24.55,27500,21.62
2012/5/3,24.57,24.59,24.49,24.58,67000,21.64
2012/5/2,24.54,24.6,24.53,24.54,41000,21.61
2012/5/1,24.48,24.63,24.48,24.53,65400,21.6
2012/4/30,24.45,24.56,24.45,24.5,54000,21.57
2012/4/27,24.48,24.66,24.47,24.52,66700,21.59
2012/4/26,24.35,24.5,24.35,24.49,74500,21.56
2012/4/25,24.42,24.43,24.34,24.35,78400,21.44
2012/4/24,24.33,24.45,24.33,24.37,55700,21.46
2012/4/23,24.31,24.42,24.26,24.41,27600,21.49
2012/4/20,24.42,24.44,24.35,24.43,39800,21.51
2012/4/19,24.44,24.48,24.37,24.48,49700,21.56
2012/4/18,24.37,24.48,24.37,24.42,39600,21.5
2012/4/17,24.44,24.48,24.4,24.41,26900,21.49
2012/4/16,24.34,24.47,24.33,24.43,24000,21.51
2012/4/13,24.39,24.45,24.3,24.39,56200,21.48
2012/4/12,24.15,24.47,24.15,24.4,66200,21.48
2012/4/11,24.25,24.31,24.16,24.17,39000,21.28
2012/4/10,24.35,24.37,24.2,24.29,82700,21.39
2012/4/9,24.31,24.41,24.31,24.37,27700,21.46
2012/4/5,24.45,24.47,24.22,24.37,44900,21.46
2012/4/4,24.28,24.5,24.27,24.5,50300,21.57
2012/4/3,24.35,24.43,24.35,24.39,27300,21.48
2012/4/2,24.34,24.41,24.29,24.39,26200,21.48
2012/3/30,24.32,24.37,24.18,24.36,51800,21.45
2012/3/29,24.46,24.46,24.28,24.3,45800,21.4
2012/3/28,24.31,24.5,24.31,24.49,62400,21.56
2012/3/27,24.38,24.42,24.29,24.31,58500,21.41
2012/3/26,24.38,24.42,24.35,24.38,57300,21.47
2012/3/23,24.36,24.45,24.36,24.41,43500,21.49
2012/3/22,24.34,24.46,24.29,24.41,60400,21.49
2012/3/21,24.28,24.39,24.28,24.34,49700,21.43
2012/3/20,24.34,24.35,24.26,24.32,60200,21.41
2012/3/19,24.34,24.36,24.28,24.32,39200,21.41
2012/3/16,24.34,24.34,24.19,24.26,29900,21.36
2012/3/15,24.2,24.31,24.08,24.25,83000,21.35
2012/3/14,24.37,24.38,24.15,24.24,63400,21.34
2012/3/13,24.4,24.44,24.34,24.43,66800,21.51
2012/3/12,24.17,24.4,24.17,24.33,11600,21.42
2012/3/9,24.66,24.71,24.62,24.68,41200,21.38
2012/3/8,24.54,24.63,24.5,24.59,33400,21.3
2012/3/7,24.43,24.58,24.36,24.57,60400,21.29
2012/3/6,24.43,24.5,24.32,24.44,72300,21.17
2012/3/5,24.76,24.76,24.62,24.65,36100,21.36
2012/3/2,24.74,24.78,24.63,24.77,47600,21.46
2012/3/1,24.57,24.8,24.57,24.78,70000,21.47
2012/2/29,24.53,24.68,24.52,24.64,77100,21.35
2012/2/28,24.51,24.59,24.45,24.53,72100,21.25
2012/2/27,24.54,24.6,24.42,24.54,32500,21.26
2012/2/24,24.45,24.55,24.42,24.49,27100,21.22
2012/2/23,24.5,24.5,24.42,24.5,63900,21.23
2012/2/22,24.36,24.5,24.36,24.5,94900,21.23
2012/2/21,24.35,24.43,24.33,24.43,32000,21.17
2012/2/17,24.35,24.4,24.25,24.4,50600,21.14
2012/2/16,24.37,24.42,24.27,24.36,49900,21.1
2012/2/15,24.4,24.47,24.28,24.46,87000,21.19
2012/2/14,24.21,24.7,24.17,24.28,80200,21.04
2012/2/13,24.11,24.36,24.08,24.29,83900,21.04
2012/2/10,24.05,24.18,24.05,24.1,73600,20.88
2012/2/9,24.2,24.32,24.09,24.13,62900,20.91
2012/2/8,24.29,24.33,24.1,24.28,85500,21.04
2012/2/7,24.15,24.3,24.1,24.3,87500,21.05
2012/2/6,24.12,24.18,24.1,24.17,59300,20.94
2012/2/3,24.2,24.33,24.2,24.2,47100,20.97
2012/2/2,24.12,24.2,24.05,24.19,54100,20.96
2012/2/1,24.05,24.2,23.95,24.1,115800,20.88
2012/1/31,23.82,24.08,23.78,24.05,122400,20.84
2012/1/30,23.61,23.89,23.61,23.85,120900,20.66
2012/1/27,23.75,23.88,23.56,23.86,61000,20.67
2012/1/26,23.62,23.85,23.54,23.81,58100,20.63
2012/1/25,23.18,23.55,23.18,23.55,37100,20.4
2012/1/24,23.19,23.33,23.04,23.26,52300,20.15
2012/1/23,23.18,23.18,22.97,23.16,52600,20.07
2012/1/20,23.05,23.11,23.02,23.1,75000,20.01
2012/1/19,23.08,23.09,22.98,23.09,28300,20
2012/1/18,22.9,23,22.9,22.99,27500,19.92
2012/1/17,22.96,23,22.85,22.97,36400,19.9
2012/1/13,23.12,23.12,22.98,23.05,19300,19.97
2012/1/12,23.1,23.25,23.03,23.2,25700,20.1
2012/1/11,23.08,23.18,22.98,23.15,41900,20.06
2012/1/10,23.19,23.2,23.02,23.15,28200,20.06
2012/1/9,22.86,23.04,22.85,23.02,29800,19.94
2012/1/6,22.58,23,22.51,22.89,92900,19.83
2012/1/5,22.15,22.83,22.15,22.73,54500,19.69
2012/1/4,21.77,22.28,21.63,22.28,33200,19.3
2012/1/3,21.68,21.92,21.68,21.84,35500,18.92
2011/12/30,21.66,21.75,21.54,21.59,19600,18.7
2011/12/29,21.67,21.83,21.66,21.78,21900,18.87
2011/12/28,21.83,21.83,21.6,21.76,32500,18.85
2011/12/27,21.97,22,21.73,21.77,42600,18.86
2011/12/23,22.05,22.15,21.95,21.96,20100,19.03
2011/12/22,21.96,22.26,21.74,22.09,31000,19.14
2011/12/21,21.97,21.97,21.77,21.93,17600,19
2011/12/20,21.91,22.29,21.91,21.98,54300,19.04
2011/12/19,21.7,22.01,21.7,22.01,81100,19.07
2011/12/16,21.82,22.05,21.79,21.8,31300,18.89
2011/12/15,22.01,22.05,21.78,21.99,47700,19.05
2011/12/14,21.69,21.98,21.69,21.78,34700,18.87
2011/12/13,22.01,22.04,21.85,21.88,48300,18.96
2011/12/12,22.16,22.16,21.89,21.93,28200,19
2011/12/9,22.35,22.69,22.32,22.64,44500,19.27
2011/12/8,22.38,22.42,22.12,22.27,20300,18.96
2011/12/7,22.23,22.6,22.16,22.46,69700,19.12
2011/12/6,22.03,22.32,22.03,22.29,47600,18.97
2011/12/5,22,22.26,21.9,22.14,75500,18.84
2011/12/2,21.89,22.08,21.89,21.98,35600,18.71
2011/12/1,22.02,22.2,21.88,21.95,21900,18.68
2011/11/30,22.36,22.38,21.92,22.06,52800,18.78
2011/11/29,22.03,22.16,21.7,21.9,59400,18.64
2011/11/28,22.38,22.51,22,22.01,40200,18.73
2011/11/25,21.91,22.14,21.91,22.04,6800,18.76
2011/11/23,22.2,22.27,21.99,22.06,27000,18.78
2011/11/22,22.3,22.5,22.23,22.41,28600,19.07
2011/11/21,22.4,22.44,22.23,22.41,21400,19.07
2011/11/18,22.49,22.66,22.41,22.59,35500,19.23
2011/11/17,22.61,22.75,22.37,22.41,36200,19.07
2011/11/16,22.78,22.92,22.69,22.7,40400,19.32
2011/11/15,22.78,22.78,22.54,22.7,29400,19.32
2011/11/14,22.9,22.93,22.66,22.74,38500,19.36
2011/11/11,22.93,23,22.86,23,23800,19.58
2011/11/10,22.53,22.85,22.53,22.85,69100,19.45
2011/11/9,22.69,22.69,22.41,22.57,47500,19.21
2011/11/8,22.85,22.95,22.81,22.88,48500,19.47
2011/11/7,22.93,22.94,22.68,22.91,29400,19.5
2011/11/4,22.61,22.91,22.55,22.79,23900,19.4
2011/11/3,22.51,22.79,22.38,22.69,41600,19.31
2011/11/2,22.36,22.56,22.29,22.53,43200,19.18
2011/11/1,21.6,22.59,21.6,22.18,43900,18.88
2011/10/31,22.52,22.69,22.44,22.44,42700,19.1
2011/10/28,22.47,22.73,22.38,22.67,56100,19.3
2011/10/27,22.41,22.73,22.27,22.56,84900,19.2
2011/10/26,22.07,22.3,21.95,22.22,58100,18.91
2011/10/25,22.18,22.35,22.14,22.19,29900,18.89
2011/10/24,22.28,22.51,22.2,22.25,87100,18.94
2011/10/21,22.34,22.5,22.32,22.49,29400,19.14
2011/10/20,22.01,22.39,21.92,22.33,35600,19.01
2011/10/19,22.11,22.33,22.11,22.2,19800,18.9
2011/10/18,21.58,22.18,21.56,22.03,58100,18.75
2011/10/17,21.6,21.8,21.52,21.61,29400,18.39
2011/10/14,21.85,21.96,21.59,21.63,41100,18.41
2011/10/13,21.84,21.86,21.56,21.8,35100,18.56
2011/10/12,21.51,21.98,21.51,21.94,100600,18.67
2011/10/11,21.12,21.6,21.12,21.59,43800,18.38
2011/10/10,21.32,21.56,21.27,21.39,37100,18.21
2011/10/7,21.12,21.25,21.01,21.2,29800,18.04
2011/10/6,20.79,21.2,20.67,21,45000,17.87
2011/10/5,20.92,21.32,20.56,20.65,62600,17.58
2011/10/4,21.03,21.15,20.11,20.83,98300,17.73
2011/10/3,21.8,22.03,21.1,21.41,40300,18.22
2011/9/30,21.63,22.2,21.54,22.2,67600,18.9
2011/9/29,21.76,21.92,21.66,21.75,50200,18.51
2011/9/28,21.64,21.79,21.43,21.72,29400,18.49
2011/9/27,21.49,21.71,21.35,21.58,55600,18.37
2011/9/26,21.5,21.5,20.92,21.23,31100,18.07
2011/9/23,21.64,21.64,21.1,21.52,44600,18.32
2011/9/22,21.58,21.98,21.15,21.56,63600,18.35
2011/9/21,22.77,22.85,22.22,22.46,26800,19.12
2011/9/20,22.6,22.82,22.51,22.8,29900,19.41
2011/9/19,22.82,22.92,22.61,22.62,24200,19.25
2011/9/16,23,23.05,22.79,22.96,73100,19.54
2011/9/15,22.43,22.72,22.42,22.67,35700,19.3
2011/9/14,22.36,22.6,22.36,22.49,71600,19.14
2011/9/13,22.39,22.54,22.17,22.47,28900,19.13
2011/9/12,22.53,22.7,22.28,22.36,12700,19.03
2011/9/9,23.09,23.22,22.9,23.13,25800,19.35
2011/9/8,23.26,23.28,22.92,23.06,48100,19.29
2011/9/7,22.96,23.2,22.75,23.2,80500,19.41
2011/9/6,22.7,22.9,22.63,22.83,32700,19.1
2011/9/2,22.34,23.38,22.34,23.08,68400,19.31
2011/9/1,23.14,23.18,23.04,23.16,15800,19.37
2011/8/31,23.36,23.47,23.01,23.05,49300,19.28
2011/8/30,23.29,23.38,23.2,23.29,32100,19.48
2011/8/29,23.38,23.38,23.12,23.35,42100,19.53
2011/8/26,22.86,23.35,22.69,23.22,37600,19.43
2011/8/25,22.47,23.09,22.47,23.02,46100,19.26
2011/8/24,22.35,22.43,21.89,22.29,40200,18.65
2011/8/23,22.62,22.62,22.12,22.27,29900,18.63
2011/8/22,22.93,22.93,22.42,22.69,104200,18.98
2011/8/19,22.33,22.76,22.33,22.76,62200,19.04
2011/8/18,22.49,22.8,22.1,22.69,44200,18.98
2011/8/17,22.99,23.2,22.82,23.09,51600,19.32
2011/8/16,22.72,23.17,22.4,22.95,44700,19.2
2011/8/15,22.63,22.91,22.55,22.83,45900,19.1
2011/8/12,22.25,22.8,22.25,22.66,67600,18.96
2011/8/11,21.21,22.46,21.12,22.31,79300,18.66
2011/8/10,19.23,21.44,19.23,21.09,161400,17.64
2011/8/9,19.14,21.2,19.01,20.7,239300,17.32
2011/8/8,20.64,20.82,18.55,18.8,274000,15.73
2011/8/5,23.02,23.02,19.4,21.66,193000,18.12
2011/8/4,23.45,23.59,23,23.04,121700,19.27
2011/8/3,23.44,23.59,23.4,23.56,43000,19.71
2011/8/2,23.25,23.51,23.25,23.46,26900,19.63
2011/8/1,22.87,23.25,22.87,23.22,44900,19.43
2011/7/29,23.08,23.08,22.57,22.68,64600,18.97
2011/7/28,23.12,23.27,22.87,23.03,79100,19.27
2011/7/27,23.79,23.79,23.3,23.34,32000,19.53
2011/7/26,23.75,23.89,23.69,23.76,34600,19.88
2011/7/25,23.91,23.91,23.7,23.8,36200,19.91
2011/7/22,23.97,24.04,23.95,24,31100,20.08
2011/7/21,24.11,24.13,23.93,24.04,37800,20.11
2011/7/20,23.75,23.95,23.73,23.88,43900,19.98
2011/7/19,23.72,23.75,23.63,23.74,67300,19.86
2011/7/18,23.95,23.95,23.71,23.81,28300,19.92
2011/7/15,23.9,24,23.88,23.96,50000,20.04
2011/7/14,24.03,24.03,23.8,23.97,38800,20.05
2011/7/13,23.92,24.04,23.85,24.01,34000,20.09
2011/7/12,24.06,24.06,23.91,23.91,33700,20
2011/7/11,24.12,24.12,23.98,24.01,66500,20.09
2011/7/8,24.11,24.21,24.04,24.17,51900,20.22
2011/7/7,24.17,24.22,24.12,24.22,41200,20.26
2011/7/6,23.88,24.21,23.88,24.17,104200,20.22
2011/7/5,23.9,24,23.89,23.99,92600,20.07
2011/7/1,23.87,23.97,23.87,23.94,28500,20.03
2011/6/30,23.82,23.94,23.81,23.89,45200,19.99
2011/6/29,23.85,23.94,23.81,23.87,34600,19.97
2011/6/28,23.74,23.88,23.74,23.88,39600,19.98
2011/6/27,23.78,23.87,23.75,23.75,48000,19.87
2011/6/24,23.85,23.87,23.76,23.77,29700,19.89
2011/6/23,23.76,23.85,23.66,23.84,27400,19.94
2011/6/22,23.75,23.9,23.7,23.83,46700,19.94
2011/6/21,23.48,23.82,23.48,23.75,60800,19.87
2011/6/20,23.47,23.58,23.47,23.51,23800,19.67
2011/6/17,23.39,23.56,23.25,23.56,53600,19.71
2011/6/16,23.67,23.75,23,23.23,106900,19.43
2011/6/15,23.8,23.82,23.6,23.63,69700,19.77
2011/6/14,23.78,23.85,23.78,23.83,66500,19.94
2011/6/13,23.72,23.87,23.72,23.8,92400,19.91
2011/6/10,23.82,23.82,23.65,23.76,77800,19.88
2011/6/9,24.15,24.2,24.11,24.15,54200,19.87
2011/6/8,24.18,24.25,24.14,24.17,41800,19.89
2011/6/7,24.1,24.19,24.09,24.17,24900,19.89
2011/6/6,24.27,24.3,24.17,24.2,36400,19.91
2011/6/3,24.32,24.37,24.26,24.26,42900,19.96
2011/6/2,24.42,24.42,24.19,24.34,50100,20.03
2011/6/1,24.43,24.5,24.42,24.43,35100,20.1
2011/5/31,24.46,24.65,24.37,24.47,70400,20.13
2011/5/27,24.54,24.56,24.43,24.46,39900,20.13
2011/5/26,24.47,24.54,24.46,24.5,38600,20.16
2011/5/25,24.63,24.69,24.37,24.48,66400,20.14
2011/5/24,24.61,24.68,24.55,24.66,141700,20.29
2011/5/23,24.66,24.67,24.55,24.65,49000,20.28
2011/5/20,24.76,24.76,24.6,24.7,55200,20.32
2011/5/19,24.61,24.8,24.6,24.71,56300,20.33
2011/5/18,24.5,24.64,24.46,24.64,46100,20.27
2011/5/17,24.45,24.57,24.3,24.52,95700,20.18
2011/5/16,24.59,24.59,24.4,24.46,66300,20.13
2011/5/13,24.51,24.62,24.51,24.56,33600,20.21
2011/5/12,24.43,24.58,24.38,24.51,46000,20.17
2011/5/11,24.56,24.61,24.29,24.45,77500,20.12
2011/5/10,24.47,24.62,24.37,24.53,64900,20.18
2011/5/9,24.47,24.49,24.39,24.44,56000,20.11
2011/5/6,24.28,24.48,24.28,24.46,54800,20.13
2011/5/5,24.15,24.34,24.15,24.33,61400,20.02
2011/5/4,24.13,24.23,23.94,24.23,48000,19.94
2011/5/3,23.97,24.13,23.93,24.1,42000,19.83
2011/5/2,23.98,24.08,23.94,24.01,45000,19.76
2011/4/29,23.98,24.1,23.96,24,54000,19.75
2011/4/28,23.98,24.03,23.97,24,48300,19.75
2011/4/27,23.95,24.03,23.9,23.93,79800,19.69
2011/4/26,23.92,23.95,23.81,23.87,56800,19.64
2011/4/25,23.7,23.96,23.63,23.88,71100,19.65
2011/4/21,23.65,23.82,23.65,23.71,40000,19.51
2011/4/20,23.8,23.88,23.65,23.88,70900,19.65
2011/4/19,23.62,23.88,23.53,23.79,96300,19.57
2011/4/18,23.75,23.75,23.49,23.55,48000,19.38
2011/4/15,23.66,23.83,23.66,23.8,148000,19.58
2011/4/14,23.63,23.76,23.63,23.68,50300,19.48
2011/4/13,23.7,23.75,23.63,23.68,50700,19.48
2011/4/12,23.64,23.73,23.57,23.67,111900,19.48
2011/4/11,23.64,23.73,23.61,23.63,59900,19.44
2011/4/8,23.63,23.68,23.54,23.66,25700,19.47
2011/4/7,23.6,23.78,23.6,23.65,66900,19.46
2011/4/6,23.54,23.7,23.46,23.7,51600,19.5
2011/4/5,23.46,23.62,23.46,23.53,26300,19.36
2011/4/4,23.62,23.63,23.44,23.44,52800,19.29
2011/4/1,23.63,23.7,23.57,23.57,56600,19.39
2011/3/31,23.58,23.65,23.52,23.62,42200,19.43
2011/3/30,23.53,23.63,23.44,23.55,62900,19.38
2011/3/29,23.34,23.53,23.34,23.45,71900,19.29
2011/3/28,23.31,23.43,23.27,23.41,50300,19.26
2011/3/25,23.16,23.27,23.14,23.26,51300,19.14
2011/3/24,23.3,23.33,23.15,23.15,59500,19.05
2011/3/23,23.14,23.26,23.09,23.24,55600,19.12
2011/3/22,23.04,23.2,23.04,23.17,34400,19.06
2011/3/21,22.96,23.15,22.96,23.08,33400,18.99
2011/3/18,22.83,23.06,22.83,23.05,48400,18.97
2011/3/17,22.9,22.92,22.77,22.91,67200,18.85
2011/3/16,22.99,22.99,22.78,22.84,46100,18.79
2011/3/15,22.81,23,22.81,22.84,39900,18.79
2011/3/14,23.01,23.05,22.97,23.04,31000,18.96
2011/3/11,22.92,23.09,22.92,23,61900,18.92
2011/3/10,22.87,23.05,22.85,23,169900,18.92
2011/3/9,23.25,23.3,23.2,23.27,177700,18.82
2011/3/8,23.36,23.4,23.19,23.19,50300,18.76
2011/3/7,23.4,23.44,23.36,23.36,27800,18.89
2011/3/4,23.44,23.44,23.26,23.36,54100,18.89
2011/3/3,23.41,23.49,23.29,23.43,63900,18.95
2011/3/2,23.06,23.39,23.05,23.39,60400,18.92
2011/3/1,23.08,23.22,23.08,23.08,49500,18.67
2011/2/28,22.94,23.2,22.91,23.15,76500,18.72
2011/2/25,22.98,23.05,22.93,22.96,42300,18.57
2011/2/24,22.96,23.04,22.93,22.97,46400,18.58
2011/2/23,23.02,23.08,22.97,23.02,76800,18.62
2011/2/22,22.88,23.04,22.87,23,85900,18.6
2011/2/18,22.56,23,22.56,23,32800,18.6
2011/2/17,22.89,23,22.85,22.86,40000,18.49
2011/2/16,22.89,23.01,22.79,22.84,39500,18.47
2011/2/15,22.86,23,22.85,22.88,27000,18.5
2011/2/14,22.78,22.95,22.78,22.9,23400,18.52
2011/2/11,22.81,22.85,22.7,22.77,30500,18.42
2011/2/10,22.78,22.87,22.72,22.77,35800,18.42
2011/2/9,22.95,22.95,22.79,22.79,31700,18.43
2011/2/8,22.86,23.02,22.84,22.99,29800,18.59
2011/2/7,23,23.06,22.86,22.87,72000,18.5
2011/2/4,23.09,23.1,22.96,23,29900,18.6
2011/2/3,23.09,23.09,22.89,23,68200,18.6
2011/2/2,22.85,23.07,22.85,23.03,34700,18.63
2011/2/1,23,23.06,22.94,22.94,31000,18.55
2011/1/31,22.73,23.06,22.73,23.06,58400,18.65
2011/1/28,22.97,22.99,22.8,22.86,28700,18.49
2011/1/27,22.7,23,22.7,22.97,33300,18.58
2011/1/26,22.67,22.8,22.67,22.7,22600,18.36
2011/1/25,22.73,22.77,22.64,22.75,40600,18.4
2011/1/24,22.9,23.05,22.72,22.74,64100,18.39
2011/1/21,22.5,22.7,22.5,22.7,34900,18.36
2011/1/20,22.49,22.61,22.4,22.52,36100,18.21
2011/1/19,22.44,22.55,22.4,22.53,45800,18.22
2011/1/18,22.52,22.6,22.44,22.46,39900,18.17
2011/1/14,22.54,22.65,22.5,22.5,112400,18.2
2011/1/13,22.82,22.92,22.57,22.6,147800,18.28
2011/1/12,22.9,22.92,22.79,22.82,45100,18.46
2011/1/11,22.95,23.03,22.82,22.84,28800,18.47
2011/1/10,22.93,23.1,22.93,22.95,33900,18.56
2011/1/7,22.86,23.05,22.86,23,116900,18.6
2011/1/6,22.87,22.98,22.79,22.81,32400,18.45
2011/1/5,23.1,23.1,22.76,22.85,59100,18.48
2011/1/4,22.78,23.05,22.72,23.05,53000,18.64
2011/1/3,22.78,23.02,22.74,22.74,52100,18.39
2010/12/31,22.74,22.83,22.74,22.81,5000,18.45
2010/12/30,22.78,22.87,22.69,22.71,48000,18.37
2010/12/29,22.73,22.95,22.73,22.77,82500,18.42
2010/12/28,22.73,22.83,22.63,22.68,55700,18.34
2010/12/27,22.55,22.74,22.54,22.66,24200,18.33
2010/12/23,22.44,22.7,22.44,22.67,36400,18.33
2010/12/22,22.48,22.61,22.4,22.51,35600,18.21
2010/12/21,22.66,22.68,22.42,22.48,62100,18.18
2010/12/20,22.63,22.85,22.63,22.69,77300,18.35
2010/12/17,22.8,22.8,22.5,22.65,30800,18.32
2010/12/16,22.95,22.96,22.61,22.74,96500,18.39
2010/12/15,22.82,22.94,22.16,22.87,52100,18.5
2010/12/14,23.19,23.27,22.95,22.95,56000,18.56
2010/12/13,23.33,23.33,23,23.3,53100,18.84
2010/12/10,23.52,23.52,23.25,23.31,53000,18.85
2010/12/9,23.72,23.84,23.66,23.77,49400,18.9
2010/12/8,23.6,23.81,23.45,23.81,42300,18.94
2010/12/7,23.55,23.65,23.52,23.65,61000,18.81
2010/12/6,23.47,23.6,23.39,23.51,58800,18.7
2010/12/3,23.27,23.54,23.27,23.52,66900,18.7
2010/12/2,23.23,23.44,23.23,23.38,45900,18.59
2010/12/1,23.11,23.45,23.11,23.26,68800,18.5
2010/11/30,23.02,23.15,22.93,23.06,48400,18.34
2010/11/29,23,23.25,22.92,23.03,59400,18.31
2010/11/26,23.02,23.15,23,23.04,20500,18.32
2010/11/24,23.1,23.21,23.05,23.11,29400,18.38
2010/11/23,23.2,23.2,22.92,23.12,66100,18.39
2010/11/22,23.49,23.49,23.13,23.15,51300,18.41
2010/11/19,23.27,23.49,23.24,23.36,59900,18.58
2010/11/18,23.05,23.37,23.03,23.37,88400,18.59
2010/11/17,23,23.21,22.98,22.98,40300,18.28
2010/11/16,23.28,23.28,22.89,23.07,62500,18.35
2010/11/15,23.37,23.43,23.2,23.3,46300,18.53
2010/11/12,23.56,23.56,23.27,23.39,35900,18.6
2010/11/11,23.43,23.57,23.41,23.51,36400,18.7
2010/11/10,23.65,23.65,23.45,23.53,46000,18.71
2010/11/9,23.62,23.66,23.55,23.61,67100,18.78
2010/11/8,23.68,23.7,23.54,23.62,49000,18.78
2010/11/5,23.53,23.67,23.49,23.66,39200,18.82
2010/11/4,23.38,23.54,23.36,23.54,37700,18.72
2010/11/3,23.29,23.35,23.27,23.3,57200,18.53
2010/11/2,23.4,23.47,23.32,23.32,43200,18.55
2010/11/1,23.43,23.47,23.33,23.42,52700,18.63
2010/10/29,23.35,23.46,23.32,23.35,40300,18.57
2010/10/28,23.25,23.36,23.24,23.32,69600,18.55
2010/10/27,23.25,23.36,23.15,23.15,43600,18.41
2010/10/26,23.25,23.38,23.18,23.3,115700,18.53
2010/10/25,23.3,23.45,23.22,23.25,93300,18.49
2010/10/22,23.1,23.27,23.05,23.22,58300,18.47
2010/10/21,23.1,23.17,22.89,23.02,60600,18.31
2010/10/20,23.15,23.25,23,23.15,44100,18.41
2010/10/19,23.25,23.25,23.05,23.22,175500,18.47
2010/10/18,22.82,23.1,22.8,23.1,118600,18.37
2010/10/15,23.34,23.37,22.87,22.88,226900,18.2
2010/10/14,23.4,23.45,23.26,23.42,86100,18.63
2010/10/13,23.26,23.49,23.22,23.43,331800,18.63
2010/10/12,23.27,23.34,23.14,23.26,44900,18.5
2010/10/11,23.39,23.44,23.23,23.24,29900,18.48
2010/10/8,23.4,23.4,23.3,23.38,26200,18.59
2010/10/7,23.27,23.46,23.15,23.46,87700,18.66
2010/10/6,23.26,23.34,23.18,23.27,60100,18.51
2010/10/5,23.23,23.37,23.19,23.35,51800,18.57
2010/10/4,23.22,23.28,23.14,23.16,52300,18.42
2010/10/1,23.19,23.31,23.14,23.21,51300,18.46
2010/9/30,23.25,23.28,23.13,23.2,128900,18.45
2010/9/29,23.3,23.34,23.01,23.16,152100,18.42
2010/9/28,23.34,23.43,23.27,23.35,122300,18.57
2010/9/27,23.33,23.45,23.26,23.37,77900,18.59
2010/9/24,23.3,23.4,23.27,23.33,60200,18.55
2010/9/23,23.41,23.47,23.29,23.29,38200,18.52
2010/9/22,23.4,23.57,23.38,23.46,60600,18.66
2010/9/21,23.51,23.59,23.34,23.43,74200,18.63
2010/9/20,23.52,23.62,23.36,23.52,76300,18.7
2010/9/17,23.39,23.75,23.27,23.58,367300,18.75
2010/9/16,23.31,23.4,23.2,23.3,103900,18.53
2010/9/15,23.28,23.32,23.2,23.28,71300,18.51
2010/9/14,23.27,23.29,23.16,23.26,61000,18.5
2010/9/13,23.32,23.42,23.18,23.34,135500,18.56
2010/9/10,23.35,23.52,23.21,23.36,71200,18.58
2010/9/9,23.77,23.83,23.56,23.64,89200,18.48
2010/9/8,23.42,23.72,23.42,23.67,116400,18.51
2010/9/7,23.3,23.55,23.24,23.55,115200,18.41
2010/9/3,23.22,23.3,23.13,23.3,77800,18.22
2010/9/2,23.14,23.22,23.09,23.15,59200,18.1
2010/9/1,22.72,23.12,22.72,23.1,115900,18.06
2010/8/31,22.77,22.87,22.55,22.7,181800,17.75
2010/8/30,22.8,22.81,22.73,22.77,58900,17.8
2010/8/27,22.9,22.91,22.8,22.83,65100,17.85
2010/8/26,22.9,22.9,22.71,22.8,58600,17.83
2010/8/25,22.84,22.87,22.71,22.84,71600,17.86
2010/8/24,23,23.03,22.82,22.87,98700,17.88
2010/8/23,23.06,23.08,23,23.02,57100,18
2010/8/20,23.05,23.05,22.85,23,61400,17.98
2010/8/19,23,23.07,22.95,23.01,94500,17.99
2010/8/18,22.95,23.01,22.94,22.97,56400,17.96
2010/8/17,22.93,23.05,22.86,22.94,87400,17.94
2010/8/16,22.98,22.98,22.8,22.86,44700,17.87
2010/8/13,22.75,22.9,22.71,22.9,43500,17.91
2010/8/12,22.65,22.8,22.55,22.76,73900,17.8
2010/8/11,22.97,22.97,22.66,22.71,99800,17.76
2010/8/10,22.89,23.04,22.83,23.04,71600,18.02
2010/8/9,22.9,23.06,22.87,22.97,101400,17.96
2010/8/6,22.83,23,22.45,22.96,98000,17.95
2010/8/5,22.5,22.9,22.5,22.83,132000,17.85
2010/8/4,22.37,22.5,22.24,22.48,163200,17.58
2010/8/3,22.16,22.48,22.16,22.3,96900,17.44
2010/8/2,22,22.26,22,22.25,77600,17.4
2010/7/30,22.04,22.04,21.74,21.95,78100,17.16
2010/7/29,21.85,21.99,21.81,21.95,68100,17.16
2010/7/28,21.65,21.92,21.64,21.85,109900,17.08
2010/7/27,21.8,21.94,21.41,21.57,134700,16.87
2010/7/26,21.21,21.7,21.21,21.7,116200,16.97
2010/7/23,21.08,21.26,20.95,21.25,73700,16.62
2010/7/22,20.89,21.06,20.83,21.02,99800,16.44
2010/7/21,20.75,21,20.66,20.75,264500,16.22
2010/7/20,20.5,20.74,20.5,20.74,37000,16.22
2010/7/19,20.68,20.75,20.57,20.68,68600,16.17
2010/7/16,20.65,20.67,20.5,20.63,48500,16.13
2010/7/15,20.5,20.7,20.49,20.69,81400,16.18
2010/7/14,20.59,20.74,20.51,20.62,59900,16.12
2010/7/13,20.33,20.6,20.24,20.59,62300,16.1
2010/7/12,20.08,20.25,20.07,20.18,34900,15.78
2010/7/9,19.91,20.14,19.91,20.14,35600,15.75
2010/7/8,19.8,19.95,19.8,19.91,19800,15.57
2010/7/7,19.72,19.81,19.64,19.7,21900,15.4
2010/7/6,19.79,19.94,19.65,19.65,33900,15.36
2010/7/2,19.5,19.68,19.5,19.63,30300,15.35
2010/7/1,19.5,19.6,19.31,19.6,26200,15.33
2010/6/30,19.51,19.62,19.45,19.5,26000,15.25
2010/6/29,19.68,19.75,19.51,19.61,89000,15.33
2010/6/28,19.56,19.85,19.37,19.83,50300,15.51
2010/6/25,19.15,19.57,19.08,19.57,83900,15.3
2010/6/24,19.15,19.16,19.1,19.16,52800,14.98
2010/6/23,19.07,19.14,19,19.1,30500,14.93
2010/6/22,19.03,19.22,19.03,19.07,22200,14.91
2010/6/21,19.05,19.25,19.05,19.08,52000,14.92
2010/6/18,18.94,19.11,18.94,19.08,31300,14.92
2010/6/17,19.17,19.17,18.92,18.97,34200,14.83
2010/6/16,19.02,19.19,19.02,19.17,46800,14.99
2010/6/15,18.89,19.19,18.87,19.12,42500,14.95
2010/6/14,18.86,19.06,18.83,18.9,33800,14.78
2010/6/11,18.73,19.01,18.73,18.9,35600,14.78
2010/6/10,18.92,19.15,18.85,18.98,47900,14.84
2010/6/9,19.45,19.55,19.3,19.34,47400,14.81
2010/6/8,19.52,19.56,19.3,19.3,33200,14.78
2010/6/7,19.54,19.56,19.47,19.55,28600,14.97
2010/6/4,19.59,19.59,19.43,19.56,39000,14.98
2010/6/3,19.6,19.65,19.4,19.62,57800,15.03
2010/6/2,19.24,19.5,19.13,19.5,30300,14.93
2010/6/1,19.02,19.2,18.98,19.2,25000,14.7
2010/5/28,19.08,19.2,19.02,19.18,26900,14.69
2010/5/27,18.95,19.1,18.77,19.09,40100,14.62
2010/5/26,18.76,18.87,18.6,18.6,37700,14.24
2010/5/25,18.05,18.6,18.05,18.48,45800,14.15
2010/5/24,18.8,19.01,18.5,18.85,27200,14.44
2010/5/21,18.01,18.7,17.61,18.6,70300,14.24
2010/5/20,18.41,18.41,18,18.13,41100,13.89
2010/5/19,18.78,18.78,18.35,18.65,40800,14.28
2010/5/18,18.62,18.88,18.54,18.73,37800,14.34
2010/5/17,18.74,18.75,18.3,18.64,26600,14.28
2010/5/14,19.09,19.09,18.72,18.75,30100,14.36
2010/5/13,18.85,19.04,18.85,18.96,35100,14.52
2010/5/12,18.77,18.92,18.77,18.81,43000,14.41
2010/5/11,19.59,19.59,18.57,18.7,60200,14.32
2010/5/10,19.72,19.86,18.77,18.83,112000,14.42
2010/5/7,18.96,19,18.3,18.6,91200,14.24
2010/5/6,19.25,19.34,17,18.5,217800,14.17
2010/5/5,19.88,19.88,19.27,19.32,65200,14.8
2010/5/4,20.12,20.22,19.96,20.01,39500,15.32
2010/5/3,20.33,20.48,20.26,20.29,34300,15.54
2010/4/30,20.41,20.41,20.33,20.33,21900,15.57
2010/4/29,20.38,20.48,20.38,20.45,23700,15.66
2010/4/28,20.22,20.34,20.15,20.33,26000,15.57
2010/4/27,20.46,20.75,20.08,20.29,67800,15.54
2010/4/26,20.51,20.56,20.3,20.37,84000,15.6
2010/4/23,20.37,20.59,20.37,20.56,43700,15.75
2010/4/22,20.35,20.5,20.28,20.44,31200,15.65
2010/4/21,20.25,20.45,20.17,20.42,43800,15.64
2010/4/20,20.17,20.38,20.06,20.15,74000,15.43
2010/4/19,20.01,20.12,19.93,20,87400,15.32
2010/4/16,19.96,20.04,19.89,19.96,56300,15.29
2010/4/15,19.94,20.12,19.93,19.98,57400,15.3
2010/4/14,19.88,20.06,19.88,19.94,103000,15.27
2010/4/13,19.98,19.98,19.87,19.9,36400,15.24
2010/4/12,19.97,20.09,19.9,19.98,30500,15.3
2010/4/9,19.79,19.9,19.79,19.86,19400,15.21
2010/4/8,19.64,19.79,19.63,19.76,25000,15.13
2010/4/7,20.17,20.17,19.59,19.67,27600,15.06
2010/4/6,19.78,19.82,19.6,19.7,36900,15.09
2010/4/5,20.25,20.25,19.65,19.75,38300,15.13
2010/4/1,19.64,19.86,19.59,19.67,33300,15.06
2010/3/31,20.2,20.2,19.5,19.5,55700,14.93
2010/3/30,20.37,20.37,20.1,20.25,40400,15.51
2010/3/29,20.11,20.36,20.11,20.24,32200,15.5
2010/3/26,20.38,20.4,20.05,20.35,36400,15.59
2010/3/25,20.4,20.54,20.35,20.42,63300,15.64
2010/3/24,20.22,20.45,20.19,20.38,41100,15.61
2010/3/23,19.98,20.35,19.95,20.3,87400,15.55
2010/3/22,20.06,20.06,19.75,19.9,108100,15.24
2010/3/19,19.9,20.28,19.85,19.9,61800,15.24
2010/3/18,20.1,20.25,19.96,19.97,65200,15.29
2010/3/17,19.83,20.27,19.75,20.04,67200,15.35
2010/3/16,19.51,19.75,19.44,19.75,73000,15.13
2010/3/15,19.3,19.49,19.3,19.4,85600,14.86
2010/3/12,19.42,19.44,19.3,19.34,60100,14.81
2010/3/11,19.54,19.54,19.3,19.39,126900,14.85
2010/3/10,19.45,19.58,19.25,19.38,167500,14.84
2010/3/9,19.39,19.74,19.15,19.71,107200,14.79
2010/3/8,19.18,19.37,19.16,19.36,45300,14.53
2010/3/5,19.02,19.16,18.95,19.15,78500,14.37
2010/3/4,18.72,19.03,18.72,18.96,49200,14.23
2010/3/3,18.89,18.98,18.85,18.89,32700,14.18
2010/3/2,18.83,18.97,18.82,18.92,42500,14.2
2010/3/1,18.73,18.88,18.73,18.83,53600,14.13
2010/2/26,18.57,18.84,18.57,18.8,44200,14.11
2010/2/25,18.68,18.75,18.62,18.75,30500,14.07
2010/2/24,18.5,18.7,18.5,18.69,48400,14.03
2010/2/23,18.33,18.5,18.33,18.5,31300,13.88
2010/2/22,18.34,18.47,18.34,18.4,32000,13.81
2010/2/19,18.25,18.47,18.25,18.44,59500,13.84
2010/2/18,18,18.45,18,18.34,80500,13.76
2010/2/17,17.77,18.32,17.77,18.24,66400,13.69
2010/2/16,17.46,17.75,17.45,17.75,49600,13.32
2010/2/12,17.53,17.62,17.49,17.53,29200,13.16
2010/2/11,17.54,17.58,17.46,17.5,26800,13.13
2010/2/10,17.48,17.63,17.47,17.52,21800,13.15
2010/2/9,17.56,17.68,17.55,17.61,44000,13.22
2010/2/8,17.76,17.76,17.55,17.64,19600,13.24
2010/2/5,17.91,17.91,17.24,17.69,79500,13.28
2010/2/4,18.1,18.1,17.78,17.92,22700,13.45
2010/2/3,18.1,18.18,17.94,17.94,36700,13.46
2010/2/2,17.99,18.19,17.99,18.02,49200,13.52
2010/2/1,18.09,18.18,18.08,18.1,23700,13.58
2010/1/29,18.11,18.17,17.92,18.02,14300,13.52
2010/1/28,18.11,18.11,18,18.09,12900,13.58
2010/1/27,18.2,18.2,18.06,18.14,19100,13.61
2010/1/26,18.32,18.48,18.22,18.24,127000,13.69
2010/1/25,18.36,18.41,18,18.39,53600,13.8
2010/1/22,18.72,18.72,18.43,18.43,32300,13.83
2010/1/21,18.83,18.83,18.63,18.79,50500,14.1
2010/1/20,18.84,18.9,18.71,18.84,34900,14.14
2010/1/19,18.64,18.8,18.63,18.8,27700,14.11
2010/1/15,18.74,18.77,18.68,18.77,13000,14.09
2010/1/14,18.71,18.81,18.65,18.76,27000,14.08
2010/1/13,18.72,18.8,18.71,18.74,14800,14.06
2010/1/12,18.85,18.86,18.72,18.77,44100,14.09
2010/1/11,18.7,18.87,18.7,18.81,42200,14.12
2010/1/8,18.59,18.76,18.59,18.67,21800,14.01
2010/1/7,18.56,18.76,18.55,18.64,76400,13.99
2010/1/6,18.45,18.73,18.4,18.61,62200,13.97
2010/1/5,18.35,18.5,18.35,18.5,18600,13.88
2010/1/4,18.25,18.39,18.25,18.36,31000,13.78
2009/12/31,18.29,18.29,18.11,18.2,20300,13.66
2009/12/30,18.27,18.34,18.2,18.24,37500,13.69
2009/12/29,18.29,18.35,18.2,18.32,49600,13.75
2009/12/28,18.45,18.5,18.37,18.38,43000,13.79
2009/12/24,18.4,18.45,18.36,18.45,10300,13.85
2009/12/23,18.38,18.53,18.38,18.48,54400,13.87
2009/12/22,18.55,18.57,18.36,18.48,55600,13.87
2009/12/21,18.43,18.53,18.17,18.49,50700,13.88
2009/12/18,18.19,18.3,17.9,18.24,67700,13.69
2009/12/17,18.35,18.51,18,18,84300,13.51
2009/12/16,18.69,18.77,18.35,18.49,101300,13.88
2009/12/15,18.6,18.79,18.2,18.7,70600,14.03
2009/12/14,18.45,18.79,17.79,18.75,224100,14.07
2009/12/11,18.47,18.59,18.36,18.43,30700,13.83
2009/12/10,18.6,18.83,18.36,18.47,50400,13.86
2009/12/9,18.7,18.95,18.33,18.9,157300,13.89
2009/12/8,18.5,18.75,18.45,18.5,148600,13.59
2009/12/7,17.99,18.37,17.99,18.37,73800,13.5
2009/12/4,17.7,17.98,17.7,17.9,25500,13.15
2009/12/3,17.65,17.85,17.6,17.7,10000,13
2009/12/2,17.45,17.49,17.32,17.41,29700,12.79
2009/12/1,17.25,17.35,17.25,17.25,31000,12.67
2009/11/30,17.1,17.21,17.1,17.21,35900,12.64
2009/11/27,17.1,17.27,17.1,17.11,14300,12.57
2009/11/25,17.21,17.54,17.2,17.25,45100,12.67
2009/11/24,17.15,17.2,17.05,17.16,28300,12.61
2009/11/23,17.05,17.12,17,17.01,26400,12.5
2009/11/20,16.62,17.01,16.62,16.92,44500,12.43
2009/11/19,17.05,17.25,17.05,17.06,72000,12.53
2009/11/18,17.09,17.13,17,17.01,19400,12.5
2009/11/17,16.97,17.07,16.97,17,23600,12.49
2009/11/16,17.09,17.13,16.94,17.05,50500,12.53
2009/11/13,16.88,16.97,16.8,16.9,30000,12.42
2009/11/12,17,17.03,16.81,16.89,39300,12.41
2009/11/11,17.17,17.17,16.91,17,50900,12.49
2009/11/10,17,17,16.73,16.9,43000,12.42
2009/11/9,16.9,17.13,16.9,17,48100,12.49
2009/11/6,16.7,16.87,16.7,16.87,25700,12.39
2009/11/5,16.61,16.69,16.55,16.67,21200,12.25
2009/11/4,16.36,16.71,16.3,16.55,27200,12.16
2009/11/3,16.78,16.78,16.03,16.47,88300,12.1
2009/11/2,17.21,17.28,16.85,17,118700,12.49
2009/10/30,17.22,17.25,17.2,17.21,59900,12.64
2009/10/29,17,17.21,17,17.18,26600,12.62
2009/10/28,17.26,17.41,16.79,16.9,37900,12.42
2009/10/27,17.49,17.58,17.4,17.47,33300,12.83
2009/10/26,17.45,17.6,17.42,17.5,26000,12.86
2009/10/23,17.39,17.56,17.39,17.54,30900,12.89
2009/10/22,17.51,17.58,17.25,17.58,36000,12.92
2009/10/21,17.51,17.6,17.47,17.5,31000,12.86
2009/10/20,17.27,17.51,17.27,17.5,30000,12.86
2009/10/19,17.6,17.6,17.33,17.33,46200,12.73
2009/10/16,17.51,17.6,17.24,17.51,37600,12.86
2009/10/15,17.63,17.8,17.42,17.56,52300,12.9
2009/10/14,17.73,17.98,17.73,17.98,20200,13.21
2009/10/13,17.85,17.85,17.7,17.7,11300,13
2009/10/12,17.85,18,17.74,17.85,4100,13.11
2009/10/9,17.62,17.75,17.62,17.75,15700,13.04
2009/10/8,17.78,17.8,17.71,17.76,19900,13.05
2009/10/7,17.67,17.79,17.67,17.75,52100,13.04
2009/10/6,17.55,17.8,17.51,17.65,30100,12.97
2009/10/5,17.42,17.63,17.42,17.54,29400,12.89
2009/10/2,17.6,17.74,17.4,17.4,31700,12.78
2009/10/1,17.8,17.96,17.6,17.7,27400,13
2009/9/30,17.92,18.14,17.86,18.01,27500,13.23
2009/9/29,18.01,18.12,17.93,18.05,24800,13.26
2009/9/28,18.09,18.37,18.02,18.12,25300,13.31
2009/9/25,17.9,18.56,17.67,18.22,43700,13.39
2009/9/24,17.69,17.95,17.65,17.94,33100,13.18
2009/9/23,17.62,18.04,17.62,17.84,48300,13.11
2009/9/22,17.55,17.78,17.55,17.7,40400,13
2009/9/21,17.18,17.85,17.18,17.63,37000,12.95
2009/9/18,17.71,18,17.71,17.83,15300,13.1
2009/9/17,17.89,18.06,17.82,17.85,62000,13.11
2009/9/16,17.87,17.89,17.65,17.88,59000,13.14
2009/9/15,17.6,17.99,17.6,17.85,40400,13.11
2009/9/14,17.55,17.6,17.45,17.52,14100,12.87
2009/9/11,17.43,17.75,17.43,17.7,22300,13
2009/9/10,18,18,17.38,17.52,37000,12.87
2009/9/9,18.41,18.55,17.7,17.93,54600,12.88
2009/9/8,17.79,18.75,17.55,18.75,34400,13.47
2009/9/4,17.7,17.76,17.7,17.75,17300,12.75
2009/9/3,17.56,17.8,17.56,17.7,17100,12.72
2009/9/2,17.6,17.61,17.55,17.56,18200,12.62
2009/9/1,17.6,17.72,17.6,17.63,27300,12.67
2009/8/31,17.66,17.84,17.58,17.8,27800,12.79
2009/8/28,18,18,17.82,17.97,14700,12.91
2009/8/27,17.42,17.92,17.42,17.92,23600,12.87
2009/8/26,17.5,17.89,17.5,17.67,32500,12.69
2009/8/25,17.49,17.86,17.49,17.75,37000,12.75
2009/8/24,17.77,17.99,17.61,17.66,51200,12.69
2009/8/21,17.76,17.89,17.52,17.68,25900,12.7
2009/8/20,17.89,17.92,17.6,17.75,26300,12.75
2009/8/19,17.38,17.65,17.17,17.59,47300,12.64
2009/8/18,17.6,17.6,17.19,17.27,27400,12.41
2009/8/17,17.16,17.51,16.98,17.4,53300,12.5
2009/8/14,18.3,18.3,17.64,17.91,31900,12.87
2009/8/13,17.82,18.07,17.82,17.99,37700,12.92
2009/8/12,18.07,18.1,17.87,18,27900,12.93
2009/8/11,18.4,18.43,17.94,17.95,42300,12.9
2009/8/10,18.34,18.6,18.2,18.46,68700,13.26
2009/8/7,18.51,18.51,18.26,18.36,19700,13.19
2009/8/6,18.42,18.51,18.13,18.4,79600,13.22
2009/8/5,18.25,18.42,17.98,18.27,61600,13.13
2009/8/4,18.58,18.58,18.13,18.3,117900,13.15
2009/8/3,18.49,18.91,18.08,18.43,244300,13.24
2009/7/31,17.25,18.75,17.25,18.75,270500,13.47
2009/7/30,17.36,17.72,17.36,17.53,226400,12.59
2009/7/29,17.26,17.57,17.04,17.36,157900,12.47
2009/7/28,16.55,17.44,16.31,17.44,206200,12.53
2009/7/27,15.2,16.84,15.2,16.63,306300,11.95
2009/7/24,14.58,15.5,14.51,15.23,107000,10.94
2009/7/23,14.7,15.08,14.45,14.85,483200,10.67
2009/7/22,15.5,15.71,14.51,14.9,604000,10.7
2009/7/21,16.5,17,16.4,16.9,1946900,12.14
2009/7/20,16.21,17.1,16.01,16.87,985800,12.12
2009/7/17,15.79,16.6,15.63,16.48,889100,11.84
2009/7/16,15.44,16.1,15.26,15.43,459000,11.08
2009/7/15,15.72,16.5,15.53,15.71,736400,11.29
2009/7/14,14.52,15.84,14.52,15.35,511400,11.03
2009/7/13,14.35,14.81,14.1,14.51,494900,10.42
2009/7/10,14.09,14.91,14.01,14.35,473700,10.31
2009/7/9,14.41,14.83,14.27,14.67,417500,10.54
2009/7/8,14.97,14.97,14.09,14.7,920800,10.56
2009/7/7,14.7,15.08,14.26,15,859600,10.78
2009/7/6,15.08,15.35,14.7,15.03,499500,10.8
2009/7/2,15.44,15.7,15.06,15.28,561800,10.98
2009/7/1,15.47,16,15.47,15.9,858200,11.42
2009/6/30,16.33,16.35,15.65,16,499100,11.49
2009/6/29,16.32,16.7,16.22,16.45,450600,11.82
2009/6/26,16.11,16.57,16,16.42,524600,11.8
2009/6/25,14.6,16.25,14.6,16.25,546700,11.67
2009/6/24,14.42,14.85,14.42,14.78,399600,10.62
2009/6/23,14.42,14.77,13.9,14.52,390100,10.43
2009/6/22,15.27,15.27,14.1,14.44,53000,10.37
2009/6/19,14.89,15.01,14.71,14.79,48700,10.63
2009/6/18,14.47,14.89,13.95,14.89,148800,10.7
2009/6/17,15.4,15.4,14.1,14.71,242300,10.57
2009/6/16,15.87,15.87,15.35,15.5,660600,11.14
2009/6/15,15.51,15.79,15.44,15.7,176800,11.28
2009/6/12,14.93,15.87,14.93,15.72,142400,11.29
2009/6/11,15.01,15.35,15.01,15.27,121600,10.97
2009/6/10,14.98,15.63,14.84,15.21,204400,10.93
2009/6/9,15.81,15.87,15.27,15.36,109800,10.75
2009/6/8,15.9,16.1,15.56,15.67,211700,10.97
2009/6/5,16.22,16.42,15.79,15.85,227300,11.09
2009/6/4,15.73,16.14,15.65,16,189500,11.2
2009/6/3,15.23,15.85,15.2,15.65,195500,10.95
2009/6/2,14.82,15.22,14.7,15.22,168900,10.65
2009/6/1,14.77,15,14.68,14.86,140400,10.4
2009/5/29,14.47,14.68,14.3,14.63,87100,10.24
2009/5/28,14.11,14.47,14.11,14.47,51700,10.13
2009/5/27,14.27,14.58,14.2,14.2,98700,9.94
2009/5/26,14.64,14.64,14.32,14.35,119400,10.04
2009/5/22,14.3,14.74,14.25,14.65,158700,10.25
2009/5/21,14.75,14.78,14.41,14.7,159700,10.29
2009/5/20,14.33,14.76,14.33,14.74,218200,10.32
2009/5/19,13.08,14.54,13.08,14.38,188400,10.06
2009/5/18,13.54,13.97,13.3,13.97,146800,9.78
2009/5/15,13.06,13.53,13,13.2,107700,9.24
2009/5/14,12.92,13.51,12.87,13.23,277800,9.26
2009/5/13,14.3,14.3,13.07,13.41,278000,9.38
2009/5/12,15,15.2,14.02,14.02,262900,9.81
2009/5/11,14.86,15.12,14.35,14.95,432400,10.46
2009/5/8,14.75,15.11,13.35,14.41,730500,10.08
2009/5/7,13.57,13.85,13.24,13.48,349000,9.43
2009/5/6,12.07,13.37,11.71,13.1,484200,9.17
2009/5/5,11.19,12.3,11.19,11.94,110000,8.36
2009/5/4,10.9,11.85,10.9,11.8,139900,8.26
2009/5/1,10.8,11,10.75,10.95,249600,7.66
2009/4/30,11.2,11.23,10.69,10.9,115900,7.63
2009/4/29,10.3,11,10.3,10.98,174200,7.68
2009/4/28,9.39,10.4,8.79,10.3,266100,7.21
2009/4/27,9.3,9.65,9.25,9.48,63300,6.63
2009/4/24,9.25,9.54,9.25,9.49,51500,6.64
2009/4/23,9.14,9.38,9.14,9.24,51000,6.47
2009/4/22,9.09,9.44,8.99,9.32,81300,6.52
2009/4/21,8.78,9.19,8.6,9.09,406800,6.36
2009/4/20,10.1,10.1,9.05,9.05,193200,6.33
2009/4/17,10.5,10.59,10,10.13,334600,7.09
2009/4/16,9.67,9.9,9.65,9.85,84400,6.89
2009/4/15,9.29,9.75,9.29,9.62,207300,6.73
2009/4/14,9.51,9.81,9.4,9.75,149000,6.82
2009/4/13,8.43,9.3,8.42,9.27,218600,6.49
2009/4/9,8.5,8.5,8.1,8.43,115500,5.9
2009/4/8,7.9,8.04,7.79,7.88,82100,5.51
2009/4/7,7.72,7.98,7.72,7.94,50600,5.56
2009/4/6,8.27,8.27,7.71,7.9,53900,5.53
2009/4/3,7.65,8,7.65,7.95,70300,5.56
2009/4/2,7.79,8.11,7.5,7.73,165600,5.41
2009/4/1,7.15,7.42,7.15,7.35,49900,5.14
2009/3/31,7.12,7.36,7.07,7.32,67500,5.12
2009/3/30,7.25,7.31,6.96,7.04,87200,4.93
2009/3/27,7.48,8.27,7.11,7.68,86000,5.37
2009/3/26,8.4,8.42,7.64,8.27,140600,5.79
2009/3/25,9.05,9.49,8.22,8.31,133500,5.82
2009/3/24,9.17,9.22,8.83,9,121300,6.3
2009/3/23,8.88,9.15,8.5,9.12,115500,6.38
2009/3/20,8.6,8.94,8.3,8.35,169300,5.84
2009/3/19,9.5,9.54,8.42,8.67,380600,6.07
2009/3/18,7.85,8.4,7.85,8.35,236600,5.84
2009/3/17,8.79,8.79,7.84,8.1,399000,5.67
2009/3/16,8,8.41,7.55,8,583300,5.6
2009/3/13,7,7.35,6.87,7.34,266500,5.14
2009/3/12,6.76,6.9,6.38,6.75,177000,4.72
2009/3/11,7,7.04,6.21,6.83,577200,4.78
2009/3/10,5.31,6.69,5.31,6.52,345400,4.29
2009/3/9,4.31,4.93,4.31,4.88,353600,3.21
2009/3/6,5.16,5.4,4.56,5.03,429800,3.31
2009/3/5,5.04,5.6,4.79,5.21,571000,3.42
2009/3/4,6.35,6.68,6.04,6.04,351700,3.97
2009/3/3,6,6.73,5.98,6.54,403100,4.3
2009/3/2,7.66,8.01,6.01,6.44,1281000,4.23
2009/2/27,8.35,9.85,6.7,8.75,2249500,5.75
2009/2/26,7.5,8,7,7.12,375300,4.68
2009/2/25,5.92,7.16,5.71,7.01,312000,4.61
2009/2/24,5.09,6.65,4.81,6.4,373500,4.21
2009/2/23,6.53,6.53,5.48,5.95,334000,3.91
2009/2/20,3.8,5.95,3.8,5.95,589900,3.91
2009/2/19,6.41,6.67,5.5,5.5,326000,3.61
2009/2/18,6.95,7.16,6.13,6.3,209400,4.14
2009/2/17,8.45,8.45,7.16,7.25,142500,4.76
2009/2/13,8.8,9.01,8.45,8.46,91500,5.56
2009/2/12,9.51,9.53,8.55,8.96,1048800,5.89
2009/2/11,10,10.15,9.73,9.75,68200,6.41
2009/2/10,10.3,10.3,9.47,9.92,181900,6.52
2009/2/9,10.12,10.29,9.95,10.29,136900,6.76
2009/2/6,9.27,10.2,9.17,10.07,285200,6.62
2009/2/5,8.26,9.25,8.02,9.12,187600,5.99
2009/2/4,9.14,9.21,8.76,9,150300,5.92
2009/2/3,9.85,9.85,8.88,9,139100,5.92
2009/2/2,9.2,9.5,9.02,9.22,85500,6.06
2009/1/30,10.07,10.1,9.66,10,129300,6.57
2009/1/29,10.41,10.61,10.05,10.2,59600,6.7
2009/1/28,10.43,11.15,10.43,10.85,122900,7.13
2009/1/27,9.48,10.19,9.39,9.6,227800,6.31
2009/1/26,8.91,9.72,8.88,9.58,220600,6.3
2009/1/23,7.21,9.41,7.21,9.24,172700,6.07
2009/1/22,9.38,9.58,8.5,8.68,260900,5.7
2009/1/21,9.15,9.97,9,9.36,180700,6.15
2009/1/20,9.22,9.86,8.6,8.93,245100,5.87
2009/1/16,11.85,12.3,10.95,11.18,273400,7.35
2009/1/15,10.52,11.7,9.1,11.7,550900,7.69
2009/1/14,12.47,12.47,11.05,11.3,265700,7.43
2009/1/13,13.27,13.27,11.89,12.76,253400,8.39
2009/1/12,14.85,14.85,13.29,13.5,163400,8.87
2009/1/9,15.47,15.58,15.04,15.04,68200,9.88
2009/1/8,15.29,15.64,15.24,15.6,55300,10.25
2009/1/7,14.75,15.7,14.75,15.5,150500,10.19
2009/1/6,14.77,15.92,14.67,15.3,162600,10.06
2009/1/5,14.23,14.9,14.23,14.86,92300,9.77
2009/1/2,13.96,14.58,13.9,14.23,90900,9.35
2008/12/31,13.39,14.1,13.35,14.05,111700,9.23
2008/12/30,12.8,13.27,12.75,13.27,72900,8.72
2008/12/29,12.94,13.64,12.66,12.8,56600,8.41
2008/12/26,13,13.16,12.6,12.8,38300,8.41
2008/12/24,13.27,13.27,12.78,13.13,21500,8.63
2008/12/23,13.26,13.6,12.98,13.29,102200,8.73
2008/12/22,13,13.9,12.55,13.4,180300,8.81
2008/12/19,13.3,13.3,12.74,13.04,63400,8.57
2008/12/18,13.14,13.63,13.11,13.26,147400,8.71
2008/12/17,12.65,13.16,12.65,13.09,86600,8.6
2008/12/16,12.41,12.99,12.3,12.95,73300,8.51
2008/12/15,12.55,12.9,12.25,12.59,79600,8.27
2008/12/12,12.6,12.72,12.22,12.66,54900,8.32
2008/12/11,12.85,12.99,12.73,12.85,44400,8.45
2008/12/10,12.75,13.2,12.6,12.86,63900,8.45
2008/12/9,13.03,13.32,12.9,13.12,75500,8.36
2008/12/8,12.98,13.29,12.85,13.03,65500,8.3
2008/12/5,12.4,12.9,11.9,12.6,83600,8.03
2008/12/4,13.25,13.25,12.26,12.42,123200,7.92
2008/12/3,12.53,13.3,12.53,13.25,96600,8.44
2008/12/2,13.37,13.39,12.9,13.13,40700,8.37
2008/12/1,13.43,13.43,12.7,13.3,142500,8.48
2008/11/28,13.15,13.55,13,13.15,66300,8.38
2008/11/26,12.5,13.19,12.02,13,166800,8.29
2008/11/25,11.26,12.49,11.26,12.21,178200,7.78
2008/11/24,9.81,11.99,9.81,11.15,172600,7.11
2008/11/21,8.15,8.7,7.05,7.55,427600,4.81
2008/11/20,10.01,10.01,8.55,8.7,206300,5.54
2008/11/19,12.15,12.26,10.14,10.42,180100,6.64
2008/11/18,12.75,12.89,12.2,12.3,77500,7.84
2008/11/17,14.09,14.09,12.88,12.95,71100,8.25
2008/11/14,13.78,14.12,12.71,14.12,121400,9
2008/11/13,14.33,14.33,13.1,13.69,72700,8.73
2008/11/12,14.75,14.75,14.27,14.58,56100,9.29
2008/11/11,15.17,15.17,14.61,14.98,39200,9.55
2008/11/10,15.37,15.37,14.85,15.23,55600,9.71
2008/11/7,15.15,15.37,14.92,15.17,71400,9.67
2008/11/6,15.35,15.47,15,15.25,99200,9.72
2008/11/5,15.62,15.62,15.37,15.47,367100,9.86
2008/11/4,15.24,15.8,15.23,15.62,73500,9.96
2008/11/3,14.9,15.25,14.57,15.16,85200,9.66
2008/10/31,14.59,14.89,14.48,14.88,165400,9.48
2008/10/30,13.8,14.6,13.8,14.6,60300,9.31
2008/10/29,13.28,14.06,13.28,13.73,61400,8.75
2008/10/28,13.79,13.9,13.32,13.59,47100,8.66
2008/10/27,14.45,14.45,13.44,13.9,51800,8.86
2008/10/24,13.71,14.85,13.34,14.58,59300,9.29
2008/10/23,14.88,14.88,14.22,14.22,45500,9.06
2008/10/22,15.02,15.45,14.4,14.6,58000,9.31
2008/10/21,15,15.75,14.94,15.51,103800,9.89
2008/10/20,14.27,15,14.27,15,99800,9.56
2008/10/17,13.7,14.78,13.7,14.55,90900,9.27
2008/10/16,14.47,14.5,13.7,14.3,64400,9.11
2008/10/15,14.68,14.8,14.05,14.3,102700,9.11
2008/10/14,12.9,14.95,12.9,14.95,230500,9.53
2008/10/13,10.36,11.9,10.35,11.7,50700,7.46
2008/10/10,8,9.8,8,9.7,184500,6.18
2008/10/9,11.55,12.5,10.25,10.25,118200,6.53
2008/10/8,9,12.28,8.71,11.64,165300,7.42
2008/10/7,12.8,12.81,12.06,12.3,68200,7.84
2008/10/6,12.93,13,12.2,12.5,111600,7.97
2008/10/3,14.53,14.79,13.76,14.03,89300,8.94
2008/10/2,14.88,14.89,14.51,14.6,98600,9.31
2008/10/1,13.45,14.99,13.45,14.92,214900,9.51
2008/9/30,12.75,14.02,12.26,13.92,141400,8.87
2008/9/29,13.1,13.84,11.52,12.34,175000,7.86
2008/9/26,13.47,14.14,13.1,13.69,106100,8.73
2008/9/25,13.5,14.4,13.5,14.24,250900,9.08
2008/9/24,13.77,13.85,12.89,13.76,130300,8.77
2008/9/23,13.8,14.57,13.01,13.31,96000,8.48
2008/9/22,14.51,14.53,13.75,13.8,72400,8.8
2008/9/19,16,17.15,14.5,14.5,179700,9.24
2008/9/18,10.3,12.5,9.3,12.5,380300,7.97
2008/9/17,11.02,12.07,9.96,10.3,196700,6.56
2008/9/16,13.1,13.1,10.85,12.07,206500,7.69
2008/9/15,14.86,14.99,13.09,13.09,147900,8.34
2008/9/12,15.75,16.3,15.56,15.89,77500,10.13
2008/9/11,15.6,16,15.51,16,109100,10.2
2008/9/10,17.07,17.07,16.35,16.55,120300,10.55
2008/9/9,18.14,18.26,17.05,17.23,115000,10.73
2008/9/8,19,19.08,18.19,18.32,81600,11.41
2008/9/5,18.68,18.9,18.58,18.75,39600,11.67
2008/9/4,18.65,18.87,18.65,18.8,30400,11.71
2008/9/3,18.63,18.86,18.53,18.73,57200,11.66
2008/9/2,18.7,18.76,18.65,18.71,41100,11.65
2008/8/29,18.29,18.69,18.29,18.69,57500,11.64
2008/8/28,18.26,18.3,18.12,18.28,36900,11.38
2008/8/27,17.77,18.22,17.77,18.1,30000,11.27
2008/8/26,17.75,17.9,17.75,17.83,36200,11.1
2008/8/25,17.88,18.01,17.73,17.77,39700,11.06
2008/8/22,17.86,18.14,17.86,17.99,49300,11.2
2008/8/21,17.62,17.8,17.4,17.8,63900,11.08
2008/8/20,17.51,17.75,17.35,17.64,45100,10.98
2008/8/19,17.75,17.86,17.31,17.47,95900,10.88
2008/8/18,18.11,18.11,17.7,17.9,41400,11.15
2008/8/15,18.08,18.1,17.92,18.05,34600,11.24
2008/8/14,17.72,18.3,17.72,17.95,92100,11.18
2008/8/13,18.47,18.5,17.8,17.84,95600,11.11
2008/8/12,18.59,18.65,18.45,18.47,36300,11.5
2008/8/11,18.66,18.72,18.5,18.6,30200,11.58
2008/8/8,18.45,18.74,18.18,18.74,24600,11.67
2008/8/7,18.63,18.85,18.38,18.38,47000,11.44
2008/8/6,18.68,18.75,18.53,18.67,36500,11.62
2008/8/5,18.47,18.8,18.47,18.68,48200,11.63
2008/8/4,18.56,18.7,18.45,18.45,45700,11.49
2008/8/1,18.63,18.74,18.39,18.4,33400,11.46
2008/7/31,18.3,18.65,18.23,18.52,41000,11.53
2008/7/30,18.2,18.63,18.11,18.2,37300,11.33
2008/7/29,17.78,18.3,17.75,18.11,40500,11.28
2008/7/28,18.2,18.67,17.86,17.97,67600,11.19
2008/7/25,18.86,18.86,18.25,18.45,58800,11.49
2008/7/24,19.08,19.08,18.63,18.76,71200,11.68
2008/7/23,18.51,19.19,18.51,19.08,87300,11.88
2008/7/22,18.42,18.68,18.1,18.41,73600,11.46
2008/7/21,18.45,18.79,18.19,18.6,57000,11.58
2008/7/18,17.88,18.38,17.67,17.99,87900,11.2
2008/7/17,15.75,17.41,15.75,16.9,103000,10.52
2008/7/16,16.03,16.5,14.66,15.61,87500,9.72
2008/7/15,14.5,15.15,12.97,14.68,160000,9.14
2008/7/14,16.79,16.8,15.6,15.6,98900,9.71
2008/7/11,16.92,17.06,16.63,16.63,80500,10.35
2008/7/10,17.22,17.36,17,17.2,45800,10.71
2008/7/9,17.35,17.69,17.27,17.53,32600,10.92
2008/7/8,17.42,17.5,17.18,17.5,46000,10.9
2008/7/7,17.33,17.55,17.2,17.4,51200,10.83
2008/7/3,17.39,17.58,17.32,17.51,64900,10.9
2008/7/2,17.35,17.79,17.24,17.51,47400,10.9
2008/7/1,17.77,17.77,17.02,17.35,108200,10.8
2008/6/30,18.36,18.36,17.67,17.87,32600,11.13
2008/6/27,18.43,18.65,18.15,18.4,48400,11.46
2008/6/26,19.08,19.08,18.51,18.51,42500,11.53
2008/6/25,19.18,19.44,18.97,19.23,37100,11.97
2008/6/24,18.8,19.1,18.6,19.09,65200,11.89
2008/6/23,19.08,19.27,18.9,18.9,59200,11.77
2008/6/20,19.11,19.56,18.56,19.2,98600,11.95
2008/6/19,19.7,19.73,19.23,19.31,134300,12.02
2008/6/18,19.78,20.05,19.53,19.77,91200,12.31
2008/6/17,19.86,19.95,19.7,19.92,84600,12.4
2008/6/16,19.52,19.77,19.5,19.73,36000,12.28
2008/6/13,19.53,19.66,19.52,19.56,40800,12.18
2008/6/12,19.71,19.81,19.55,19.55,29500,12.17
2008/6/11,20.13,20.13,19.52,19.52,52300,12.15
2008/6/10,20.27,20.5,20.17,20.44,65100,12.48
2008/6/9,20.6,20.73,20.32,20.4,50300,12.46
2008/6/6,20.66,20.75,20.6,20.63,27700,12.6
2008/6/5,20.58,20.96,20.58,20.77,39300,12.68
2008/6/4,20.79,20.8,20.51,20.53,34700,12.53
2008/6/3,20.89,21,20.66,20.78,67700,12.69
2008/6/2,21.13,21.18,20.79,20.9,41700,12.76
2008/5/30,21.08,21.2,21.02,21.09,24500,12.88
2008/5/29,21.02,21.21,21.01,21.07,21500,12.86
2008/5/28,20.82,21.12,20.81,21.08,67900,12.87
2008/5/27,20.75,20.9,20.75,20.89,43600,12.75
2008/5/23,20.64,20.88,20.64,20.74,35500,12.66
2008/5/22,20.71,20.81,20.61,20.71,70600,12.64
2008/5/21,20.84,20.88,20.64,20.75,111800,12.67
2008/5/20,20.65,20.78,20.6,20.75,54600,12.67
2008/5/19,21.03,21.08,20.75,20.75,55700,12.67
2008/5/16,21.16,21.16,21,21.03,53000,12.84
2008/5/15,20.86,21.07,20.81,21.06,53100,12.86
2008/5/14,20.68,20.96,20.68,20.95,50600,12.79
2008/5/13,20.74,20.81,20.58,20.8,57600,12.7
2008/5/12,21.13,21.2,20.5,20.88,65000,12.75
2008/5/9,21.2,21.25,21.02,21.1,43500,12.88
2008/5/8,20.85,21.25,20.85,21.11,45700,12.89
2008/5/7,20.64,20.89,20.55,20.84,61900,12.72
2008/5/6,20.75,20.81,20.6,20.71,53400,12.64
2008/5/5,21.39,21.59,20.65,20.85,76400,12.73
2008/5/2,21.34,21.61,21.34,21.55,39900,13.16
2008/5/1,21.2,21.37,21.2,21.34,17000,13.03
2008/4/30,21.6,21.6,21.35,21.35,34400,13.04
2008/4/29,21.33,21.47,21.26,21.44,33700,13.09
2008/4/28,21.19,21.56,21.15,21.33,79200,13.02
2008/4/25,20.99,21.19,20.84,21.19,54000,12.94
2008/4/24,20.69,20.91,20.58,20.91,83100,12.77
2008/4/23,20.81,20.85,20.5,20.6,95300,12.58
2008/4/22,20.81,21,20.6,20.67,62000,12.62
2008/4/21,21.35,21.4,20.71,20.98,53000,12.81
2008/4/18,20.75,21.54,20.7,21.31,127000,13.01
2008/4/17,20.45,20.65,20.4,20.59,63400,12.57
2008/4/16,20.32,20.55,20.29,20.45,43400,12.49
2008/4/15,20.3,20.54,20.13,20.19,58300,12.33
2008/4/14,20.45,20.45,20.24,20.34,29500,12.42
2008/4/11,20.35,20.65,20.35,20.45,35700,12.49
2008/4/10,20.5,20.6,20.31,20.57,63000,12.56
2008/4/9,20.3,20.6,20.19,20.59,50500,12.57
2008/4/8,20.1,20.4,20.05,20.16,62800,12.31
2008/4/7,20.4,20.42,20.25,20.26,71400,12.37
2008/4/4,20.21,20.43,20.21,20.34,45100,12.42
2008/4/3,20.27,20.35,20.2,20.28,40100,12.38
2008/4/2,20.22,20.43,20.14,20.25,61500,12.36
2008/4/1,20,20.43,19.99,20.18,59100,12.32
2008/3/31,19.97,20.08,19.73,19.81,39100,12.1
2008/3/28,20.15,20.24,19.97,20.04,63000,12.24
2008/3/27,20.4,20.5,20,20.04,28400,12.24
2008/3/26,20.51,20.51,20.17,20.41,46800,12.46
2008/3/25,20.69,20.71,20.4,20.58,53500,12.57
2008/3/24,20.8,20.95,20.4,20.69,72800,12.63
2008/3/20,20.02,20.49,19.83,20.48,77000,12.5
2008/3/19,19.8,20.2,19.76,19.99,67200,12.21
2008/3/18,19.84,20.2,19.06,19.7,92600,12.03
2008/3/17,19.25,19.46,18.23,19.11,107400,11.67
2008/3/14,20.02,20.21,19.7,19.76,89900,12.06
2008/3/13,19.66,20.25,19.55,20.23,70800,12.35
2008/3/12,20.35,20.35,20.07,20.26,50400,12.37
2008/3/11,20.4,20.69,20.12,20.6,98400,12.34
2008/3/10,20.56,20.7,19.89,19.93,115100,11.93
2008/3/7,20.7,20.84,20.43,20.59,84900,12.33
2008/3/6,21.02,21.25,20.71,20.79,98900,12.45
2008/3/5,21.02,21.4,21.02,21.27,77100,12.74
2008/3/4,21.7,21.7,20.96,21.26,219600,12.73
2008/3/3,22.01,22.2,21.79,21.79,151200,13.05
2008/2/29,22.08,22.12,21.91,22.03,74400,13.19
2008/2/28,22.15,22.22,21.83,22.07,111700,13.22
2008/2/27,22.11,22.2,22.01,22.12,79500,13.25
2008/2/26,22.1,22.22,22,22.13,172800,13.25
2008/2/25,22.3,22.43,22.05,22.11,44100,13.24
2008/2/22,22.35,22.48,22.1,22.35,141100,13.38
2008/2/21,22.4,22.6,22.25,22.48,61300,13.46
2008/2/20,22.13,22.41,22.1,22.4,89100,13.41
2008/2/19,22.8,22.8,22.13,22.13,133900,13.25
2008/2/15,22.6,22.6,22.4,22.58,161300,13.52
2008/2/14,22.35,22.58,22.31,22.43,111400,13.43
2008/2/13,22.2,22.42,22.16,22.4,59800,13.41
2008/2/12,22.73,22.73,22.05,22.35,109500,13.38
2008/2/11,22.92,23,22.5,22.73,91700,13.61
2008/2/8,22.64,22.99,22.64,22.84,72800,13.68
2008/2/7,22.9,22.97,22.57,22.9,130200,13.71
2008/2/6,22.86,23.07,22.8,22.96,51500,13.75
2008/2/5,22.91,23.06,22.15,22.86,53700,13.69
2008/2/4,22.97,23.09,22.61,22.76,49400,13.63
2008/2/1,22.9,22.99,22.77,22.95,50600,13.74
2008/1/31,22.79,22.91,22.57,22.9,61600,13.71
2008/1/30,22.7,22.8,22.45,22.7,91400,13.59
2008/1/29,22.49,22.84,22.26,22.68,95400,13.58
2008/1/28,22.33,22.5,22.25,22.26,117900,13.33
2008/1/25,22.22,22.5,22.16,22.33,90100,13.37
2008/1/24,21.74,22.24,21.62,22.23,97300,13.31
2008/1/23,21.35,21.74,21.23,21.74,81300,13.02
2008/1/22,20.42,21.5,20.42,21.33,100100,12.77
2008/1/18,21.25,21.4,21.01,21.14,101700,12.66
2008/1/17,21.69,21.7,20.55,21.35,185700,12.78
2008/1/16,21.89,22.08,21.61,21.7,118300,12.99
2008/1/15,21.62,21.94,21.62,21.9,100900,13.11
2008/1/14,21.74,22,21.55,21.98,131700,13.16
2008/1/11,21.48,21.8,21.37,21.65,73800,12.96
2008/1/10,21.01,21.49,21,21.45,88400,12.84
2008/1/9,21.08,21.2,20.9,21,49200,12.57
2008/1/8,20.93,21.25,20.8,20.91,117000,12.52
2008/1/7,20.75,20.84,20.5,20.79,73400,12.45
2008/1/4,20.5,20.84,20.32,20.56,97400,12.31
2008/1/3,20,20.95,19.8,20.65,196300,12.37
2008/1/2,19.05,19.91,19.05,19.77,70600,11.84
2007/12/31,19.01,19.16,18.55,19,215400,11.38
2007/12/28,19.3,19.3,18.82,19.03,158000,11.39
2007/12/27,19.51,19.6,19.1,19.2,187500,11.5
2007/12/26,19.6,19.75,19.4,19.51,133500,11.68
2007/12/24,19.67,19.84,19.6,19.65,54700,11.77
2007/12/21,19.8,19.8,19.6,19.62,190000,11.75
2007/12/20,19.65,19.95,19.45,19.8,170800,11.86
2007/12/19,19.75,19.8,19.45,19.74,150500,11.82
2007/12/18,19.65,19.85,19.4,19.69,198800,11.79
2007/12/17,19.91,20.15,19.36,19.65,144900,11.77
2007/12/14,20.11,20.53,19.95,20.2,137600,12.1
2007/12/13,20.37,20.59,20.15,20.3,160100,12.16
2007/12/12,21.2,21.41,20.39,20.47,96200,12.26
2007/12/11,21.45,21.59,21.05,21.3,101400,12.52
2007/12/10,21.45,21.75,21.27,21.35,128700,12.55
2007/12/7,21.2,21.64,21.19,21.5,88000,12.63
2007/12/6,21.02,21.5,21.02,21.25,122300,12.49
2007/12/5,21,21.22,20.88,21.1,101600,12.4
2007/12/4,21,21,20.63,20.98,61900,12.33
2007/12/3,20.92,21.17,20.91,21.01,81000,12.35
2007/11/30,21.4,21.4,20.85,21.06,200000,12.38
2007/11/29,20.76,20.85,20.41,20.7,125500,12.16
2007/11/28,20.55,21.3,20.38,20.65,86000,12.13
2007/11/27,20.69,20.69,20.15,20.5,80400,12.05
2007/11/26,20.35,20.56,20.15,20.15,62000,11.84
2007/11/23,20.39,20.68,20.25,20.53,48700,12.06
2007/11/21,20.2,20.21,19.78,20.13,90400,11.83
2007/11/20,20.05,20.3,19.75,19.81,131000,11.64
2007/11/19,20.11,20.3,19.66,19.85,205400,11.66
2007/11/16,20.56,21.59,20.25,20.45,97200,12.02
2007/11/15,21.05,21.1,20.51,20.75,101400,12.19
2007/11/14,21.41,21.9,21.3,21.3,147500,12.52
2007/11/13,20.76,21.69,20.2,21.4,117100,12.58
2007/11/12,20.41,20.98,20.21,20.84,94000,12.25
2007/11/9,20.35,21,20.1,20.4,183100,11.99
2007/11/8,20.61,20.85,20.11,20.23,148300,11.89
2007/11/7,21.08,21.08,20,20.55,140900,12.08
2007/11/6,21.55,22.3,21.13,21.29,177300,12.51
2007/11/5,21.58,21.6,21.03,21.42,158500,12.59
2007/11/2,22.25,22.29,21.56,21.8,117400,12.81
2007/11/1,22.7,22.7,22.16,22.19,146500,13.04
2007/10/31,22.9,23.05,22.71,22.9,226500,13.46
2007/10/30,22.9,22.99,22.81,22.84,93500,13.42
2007/10/29,22.82,22.95,22.81,22.88,81300,13.44
2007/10/26,22.8,22.96,22.8,22.92,45300,13.47
2007/10/25,22.9,22.93,22.65,22.8,76000,13.4
2007/10/24,22.98,22.98,22.76,22.79,83000,13.39
2007/10/23,22.97,23.05,22.9,22.92,80700,13.47
2007/10/22,23.02,23.12,22.75,22.9,79100,13.46
2007/10/19,23.06,23.15,23.03,23.09,36200,13.57
2007/10/18,23.11,23.15,23.02,23.1,180900,13.57
2007/10/17,23.14,23.3,23.12,23.15,104700,13.6
2007/10/16,23.12,23.2,23.1,23.15,104400,13.6
2007/10/15,23.22,23.33,23.12,23.12,58700,13.59
2007/10/12,23.15,23.25,23.09,23.23,92100,13.65
2007/10/11,23.29,23.29,23.09,23.2,89800,13.63
2007/10/10,23.14,23.29,23.1,23.23,86000,13.65
2007/10/9,23.14,23.55,23.1,23.17,85100,13.62
2007/10/8,23.12,23.18,23.05,23.14,25700,13.6
2007/10/5,23.06,23.14,23.02,23.05,22600,13.54
2007/10/4,22.91,23.14,22.91,23.14,127100,13.6
2007/10/3,22.92,22.95,22.8,22.89,106400,13.45
2007/10/2,22.86,22.95,22.8,22.86,50000,13.43
2007/10/1,22.95,22.96,22.75,22.81,45000,13.4
2007/9/28,22.68,23,22.68,22.95,38500,13.49
2007/9/27,22.7,22.75,22.5,22.7,80300,13.34
2007/9/26,22.84,23,22.7,22.7,66600,13.34
2007/9/25,23.04,23.15,22.83,22.9,60700,13.46
2007/9/24,23,23.24,22.99,23.11,48200,13.58
2007/9/21,23.1,23.14,22.91,23.05,58600,13.54
2007/9/20,23.13,23.3,23.02,23.1,68400,13.57
2007/9/19,23.2,23.33,23.07,23.27,121600,13.67
2007/9/18,23.35,23.59,23.06,23.24,82200,13.66
2007/9/17,22.8,23.25,22.78,23.13,58300,13.59
2007/9/14,23.2,23.2,22.9,22.9,65200,13.46
2007/9/13,23.23,23.23,23.01,23.04,33600,13.54
2007/9/12,23.3,23.3,22.97,23.1,49500,13.57
2007/9/11,23.52,23.69,23.38,23.6,50400,13.63
2007/9/10,23.59,23.7,23.13,23.58,46100,13.62
2007/9/7,23.57,24,23.4,23.57,24300,13.62
2007/9/6,23.66,23.66,23.37,23.55,41800,13.61
2007/9/5,23.56,23.67,23.42,23.55,73700,13.61
2007/9/4,23.79,23.79,23.38,23.64,51700,13.66
2007/8/31,23.64,23.75,23.5,23.69,31000,13.69
2007/8/30,23.3,23.6,23.25,23.52,51300,13.59
2007/8/29,23.44,23.46,23.27,23.4,51400,13.52
2007/8/28,23.5,23.58,23.27,23.44,66000,13.54
2007/8/27,23.72,23.72,23.5,23.54,43900,13.6
2007/8/24,23.5,23.6,23.25,23.59,66100,13.63
2007/8/23,23.28,23.4,23.11,23.29,148600,13.46
2007/8/22,23,23.4,22.97,23.16,100200,13.38
2007/8/21,22.93,23,22.83,22.96,70900,13.27
2007/8/20,22.9,22.9,22.35,22.68,72200,13.1
2007/8/17,22.29,23,22.22,22.55,91700,13.03
2007/8/16,21.93,22.18,21.19,22.09,137000,12.76
2007/8/15,25.1,25.1,21.82,21.93,89700,12.67
2007/8/14,22.06,22.2,21.85,22,103000,12.71
2007/8/13,22.25,22.28,22,22.28,55200,12.87
2007/8/10,22.39,22.5,20,22.2,88000,12.83
2007/8/9,22.31,22.5,22.3,22.4,54200,12.94
2007/8/8,22.52,22.73,22.5,22.56,134700,13.03
2007/8/7,22.39,22.7,22.38,22.64,93800,13.08
2007/8/6,23.22,23.22,22.2,22.49,137300,12.99
2007/8/3,23.23,23.23,23.12,23.18,57500,13.39
2007/8/2,22.92,23.3,22.92,23.23,54800,13.42
2007/8/1,22.8,22.93,22.78,22.92,84400,13.24
2007/7/31,23,23.2,22.95,22.97,80400,13.27
2007/7/30,23.21,23.27,22.95,22.97,57000,13.27
2007/7/27,23.04,23.29,22.86,23.25,46100,13.43
2007/7/26,23.14,23.22,22.86,22.92,74800,13.24
2007/7/25,23.5,23.58,23.11,23.28,74900,13.45
2007/7/24,23.8,23.8,23.31,23.43,61900,13.54
2007/7/23,23.95,24,23.64,23.8,60700,13.75
2007/7/20,24.03,24.03,23.86,23.99,72200,13.86
2007/7/19,24.04,24.04,23.96,23.96,76400,13.84
2007/7/18,24.05,24.08,23.99,24.05,62200,13.89
2007/7/17,24.05,24.05,23.95,24.05,115100,13.89
2007/7/16,24.03,24.07,24.01,24.07,72600,13.91
2007/7/13,24.05,24.11,24,24.03,250600,13.88
2007/7/12,24.14,24.14,23.96,24.04,104300,13.89
2007/7/11,24.2,24.2,24.01,24.04,117600,13.89
2007/7/10,23.95,24.24,23.95,24.23,141400,14
2007/7/9,24.09,24.24,24.09,24.14,87000,13.95
2007/7/6,24.08,24.18,24.03,24.14,87000,13.95
2007/7/5,24.1,24.12,24.04,24.1,72700,13.92
2007/7/3,24.19,24.2,23.95,24.12,255600,13.94
2007/7/2,24.06,24.18,24.05,24.11,214900,13.93
2007/6/29,24.05,24.12,23.93,24.04,143300,13.89
2007/6/28,24.04,24.15,23.98,24.06,189300,13.9
2007/6/27,23.95,24.04,23.85,24.04,50500,13.89
2007/6/26,23.96,24.04,23.78,23.9,160400,13.81
2007/6/25,24,24.1,24,24.02,88000,13.88
2007/6/22,23.78,24,23.73,23.97,116700,13.85
2007/6/21,24.15,24.15,23.7,23.9,92000,13.81
2007/6/20,24.42,24.42,23.95,24.15,124800,13.95
2007/6/19,24.3,24.35,24.2,24.32,575000,14.05
2007/6/18,24.18,24.25,24.01,24.24,127900,14
2007/6/15,23.65,24.19,23.65,24.08,152000,13.91
2007/6/14,23.42,23.64,23.4,23.64,118100,13.66
2007/6/13,23.39,23.49,23.35,23.42,213100,13.53
2007/6/12,23.61,23.77,23.24,23.3,126900,13.46
2007/6/11,24.25,24.29,23.92,24.14,67300,13.69
2007/6/8,24.15,24.28,23.9,24.23,57200,13.75
2007/6/7,24.4,24.53,24.06,24.1,78700,13.67
2007/6/6,24.55,24.63,24.46,24.57,64100,13.94
2007/6/5,24.75,24.78,24.51,24.55,97800,13.93
2007/6/4,24.9,24.9,24.71,24.79,88500,14.06
2007/6/1,24.85,24.9,24.81,24.9,41300,14.13
2007/5/31,24.95,24.96,24.84,24.9,42100,14.13
2007/5/30,24.94,25,24.81,24.91,94600,14.13
2007/5/29,25.1,25.1,24.86,24.93,101300,14.14
2007/5/25,24.82,25.08,24.81,24.99,85500,14.18
2007/5/24,25,25,24.82,24.86,89000,14.1
2007/5/23,24.95,25.01,24.8,24.96,188800,14.16
2007/5/22,24.89,25,24.89,24.94,101800,14.15
2007/5/21,24.93,24.96,24.87,24.89,66300,14.12
2007/5/18,25,25.04,24.95,24.97,114700,14.17
2007/5/17,24.99,25.03,24.93,24.99,93700,14.18
2007/5/16,25.17,25.18,25.01,25.01,148800,14.19
2007/5/15,25.08,25.16,25.05,25.12,213500,14.25
2007/5/14,25.19,25.19,25.05,25.12,81400,14.25
2007/5/11,25.17,25.2,25.1,25.14,74400,14.26
2007/5/10,25.08,25.19,25.08,25.12,139400,14.25
2007/5/9,25.11,25.15,25.05,25.11,120500,14.24
2007/5/8,25.06,25.14,25.03,25.1,139600,14.24
2007/5/7,25.11,25.11,25.03,25.06,95200,14.22
2007/5/4,25.06,25.07,24.99,25.07,81800,14.22
2007/5/3,25.02,25.05,24.89,25,175300,14.18
2007/5/2,25.04,25.04,24.95,24.97,156600,14.17
2007/5/1,24.99,25,24.95,24.98,111400,14.17
2007/4/30,25.08,25.08,24.94,24.95,317700,14.15
2007/4/27,25.1,25.1,24.97,25,171800,14.18
2007/4/26,24.98,25,24.94,24.98,194200,14.17
2007/4/25,25.04,25.04,24.93,24.98,488000,14.17
2007/4/24,25,25.04,24.95,24.95,241600,14.15
2007/4/23,25,25.02,24.93,25,184400,14.18
2007/4/20,25.02,25.03,24.95,25,163600,14.18
2007/4/19,24.95,25.01,24.92,24.99,165800,14.18
2007/4/18,24.99,24.99,24.86,24.95,181500,14.15
2007/4/17,24.96,25.05,24.94,24.99,223300,14.18
2007/4/16,25,25,24.89,24.89,228400,14.12
2007/4/13,25.05,25.07,24.94,25,173600,14.18
2007/4/12,25.03,25.1,24.99,25.05,311900,14.21
2007/4/11,25.03,25.09,25.02,25.05,289900,14.21
2007/4/10,25.05,25.12,25.03,25.08,313200,14.23
2007/4/9,25.06,25.1,24.98,25.06,320000,14.22
2007/4/5,25.12,25.13,24.88,25.06,337800,14.22
2007/4/4,25.1,25.1,24.95,25.03,817000,14.2
2007/4/3,24.92,24.98,24.85,24.94,420000,14.15
2007/4/2,24.91,24.92,24.83,24.9,149600,14.13
2007/3/30,24.85,25.05,24.85,24.9,473700,14.13
2007/3/29,24.9,25.31,24.8,25,293900,14.18
2007/3/28,24.89,25.05,24.8,24.9,421300,14.13
2007/3/27,24.9,25.45,24.75,24.84,398800,14.09
2007/3/26,24.8,25.2,24.7,24.82,500300,14.08
2007/3/23,24.9,25,24.75,24.87,522000,14.11
2007/3/22,24.88,25.1,24.7,24.88,528800,14.11
2007/3/21,24.87,25.2,24.7,24.9,550100,14.13
2007/3/20,24.87,25.25,24.75,24.8,619000,14.07
2007/3/19,24.99,25.35,24.8,24.9,768500,14.13
2007/3/16,24.95,25.25,24.8,24.8,543900,14.07
2007/3/15,24.95,25.45,24.8,25,292900,14.18
2007/3/14,24.95,25.95,24.8,24.95,397400,14.15
2007/3/13,25,25.4,24.88,24.95,1319200,14.15
2007/3/12,24.85,25.83,24.85,24.97,225200,14.17
2007/3/9,25.1,25.15,24.85,25.1,712600,14.24
2007/3/8,25.02,25.2,24.9,25.1,959100,14.24
2007/3/7,24.92,25.3,24.85,24.95,3198500,14.15
2007/3/6,24.88,25.05,24.8,24.89,621800,14.12
2007/3/5,24.84,25.2,24.77,24.85,4483500,14.1
2007/3/2,24.83,25.87,24.75,24.85,2396700,14.1
